Name,MOA phase,Field,Chip,RA,Dec,Remarks,RA_deg,Dec_deg
MOA-2009-BLG-001,MOA-2,gb1,4,+17:46:41.2469,-34:37:09.4008,,266.6718620833333,-34.619278
MOA-2009-BLG-002,MOA-2,gb5,2,+17:52:27.4402,-28:53:29.9400,,268.11433416666665,-28.89165
MOA-2009-BLG-003,MOA-2,gb5,3,+17:52:06.7702,-29:13:02.4024,,268.02820916666667,-29.217333999999997
MOA-2009-BLG-004,MOA-2,gb5,5,+17:53:02.8711,-30:00:27.8820,,268.2619629166666,-30.007745
MOA-2009-BLG-005,MOA-2,gb5,8,+17:56:35.2282,-29:14:08.6856,,269.1467841666667,-29.235746000000002
MOA-2009-BLG-006,MOA-2,gb8,2,+17:59:07.5811,-30:43:59.9124,,269.78158791666664,-30.733309
MOA-2009-BLG-007,MOA-2,gb16,5,+18:11:53.2030,-30:00:02.3076,,272.97167916666666,-30.000641
MOA-2009-BLG-008,MOA-2,gb9,10,+18:02:19.8149,-28:37:51.8088,,270.5825620833333,-28.631058
MOA-2009-BLG-009,MOA-2,gb9,4,+17:59:44.2867,-29:41:07.5804,,269.93452791666664,-29.685439
MOA-2009-BLG-010,MOA-2,gb10,6,+18:02:43.8475,-28:03:54.0576,,270.68269791666665,-28.065016
MOA-2009-BLG-011,MOA-2,gb13,4,+18:04:20.9604,-29:31:08.9616,,271.087335,-29.519156
MOA-2009-BLG-012,MOA-2,gb15,7,+18:07:24.8508,-26:12:57.1896,,271.853545,-26.215885999999998
MOA-2009-BLG-013,MOA-2,gb18,3,+18:10:26.8807,-25:49:51.1140,,272.61200291666665,-25.830865
MOA-2009-BLG-014,MOA-2,gb1,5,+17:45:29.0940,-35:00:08.3988,,266.371225,-35.002333
MOA-2009-BLG-015,MOA-2,gb1,7,+17:48:35.1722,-34:34:24.6864,,267.1465508333333,-34.573524000000006
MOA-2009-BLG-016,MOA-2,gb1,8,+17:50:32.0832,-34:21:10.0620,,267.6336799999999,-34.352795
MOA-2009-BLG-017,MOA-2,gb3,10,+17:54:42.1416,-32:05:31.4556,,268.67558999999994,-32.092071000000004
MOA-2009-BLG-018,MOA-2,gb3,2,+17:51:21.6586,-32:22:47.7876,,267.84024416666665,-32.379941
MOA-2009-BLG-019,MOA-2,gb3,5,+17:52:50.6002,-33:25:34.8132,,268.21083416666664,-33.426337
MOA-2009-BLG-020,MOA-2,gb3,8,+17:56:30.7529,-32:40:22.9080,,269.1281370833333,-32.67303
MOA-2009-BLG-021,MOA-2,gb4,8,+17:56:17.7139,-31:07:35.4144,,269.0738079166666,-31.126504
MOA-2009-BLG-022,MOA-2,gb5,3,+17:53:34.0186,-29:10:18.1056,,268.3917441666666,-29.171696
MOA-2009-BLG-023,MOA-2,gb3,8,+17:54:34.7623,-32:44:51.1440,,268.6448429166666,-32.74754
MOA-2009-BLG-024,MOA-2,gb5,5,+17:53:26.7905,-30:02:28.5972,,268.3616270833333,-30.041277
MOA-2009-BLG-025,MOA-2,gb5,6,+17:55:53.6534,-29:56:50.6688,,268.9735558333333,-29.947408
MOA-2009-BLG-026,MOA-2,gb5,8,+17:55:25.0394,-29:16:36.3900,,268.85433083333334,-29.276775
MOA-2009-BLG-027,MOA-2,gb8,9,+18:02:17.5829,-30:34:18.2028,,270.57326208333336,-30.571723
MOA-2009-BLG-028,MOA-2,gb9,10,+18:00:37.3022,-28:42:00.6948,,270.1554258333333,-28.700193
MOA-2009-BLG-029,MOA-2,gb9,3,+17:57:45.7075,-29:05:54.3552,,269.44044791666664,-29.098432
MOA-2009-BLG-030,MOA-2,gb9,5,+17:57:08.3148,-29:58:42.8844,,269.28464499999995,-29.978579
MOA-2009-BLG-031,MOA-2,gb18,3,+18:11:27.8189,-25:35:46.5000,,272.8659120833333,-25.596249999999998
MOA-2009-BLG-032,MOA-2,gb9,10,+18:01:53.7859,-28:31:33.5820,,270.47410791666664,-28.525994999999998
MOA-2009-BLG-033,MOA-2,gb10,10,+18:02:52.7398,-26:49:38.1540,,270.71974916666665,-26.827265
MOA-2009-BLG-034,MOA-2,gb1,6,+17:47:34.8026,-34:55:42.4524,,266.89501083333334,-34.928459
MOA-2009-BLG-035,MOA-2,gb2,3,+17:51:29.6026,-34:28:02.8236,,267.87334416666664,-34.467451000000004
MOA-2009-BLG-036,MOA-2,gb3,1,+17:50:59.1710,-31:58:41.5740,,267.74654583333324,-31.978215
MOA-2009-BLG-037,MOA-2,gb10,2,+17:59:56.8670,-26:58:42.9528,,269.98694583333327,-26.978597999999998
MOA-2009-BLG-038,MOA-2,gb10,5,+17:59:50.0765,-28:07:26.2128,,269.95865208333333,-28.123948000000002
MOA-2009-BLG-039,MOA-2,gb10,5,+17:58:18.7558,-28:05:14.2008,,269.5781491666666,-28.087277999999998
MOA-2009-BLG-040,MOA-2,gb13,3,+18:05:07.1455,-29:18:38.8404,,271.2797729166666,-29.310789
MOA-2009-BLG-041,MOA-2,gb13,7,+18:06:47.5702,-29:30:17.9928,,271.6982091666667,-29.504998
MOA-2009-BLG-042,MOA-2,gb14,1,+18:04:45.6979,-26:43:10.4340,,271.19040791666663,-26.719565
MOA-2009-BLG-043,MOA-2,gb14,4,+18:03:59.3047,-27:52:06.1608,,270.9971029166666,-27.868378
MOA-2009-BLG-044,MOA-2,gb2,1,+17:53:27.2460,-33:55:02.1684,,268.3635249999999,-33.917269
MOA-2009-BLG-045,MOA-2,gb2,5,+17:52:21.0418,-35:02:24.8172,,268.08767416666666,-35.040227
MOA-2009-BLG-046,MOA-2,gb2,6,+17:54:43.4177,-35:03:07.5528,,268.6809070833333,-35.052097999999994
MOA-2009-BLG-047,MOA-2,gb3,3,+17:51:08.3707,-32:52:28.5240,,267.7848779166667,-32.87459
MOA-2009-BLG-048,MOA-2,gb3,3,+17:52:06.7147,-32:35:24.9108,,268.02797791666666,-32.590253000000004
MOA-2009-BLG-049,MOA-2,gb4,7,+17:55:34.3226,-31:17:03.8004,,268.89301083333334,-31.284389
MOA-2009-BLG-050,MOA-2,gb4,8,+17:54:54.3706,-31:07:55.7472,,268.7265441666666,-31.132152
MOA-2009-BLG-051,MOA-2,gb4,9,+17:56:51.5520,-30:47:47.8824,,269.21479999999997,-30.796634
MOA-2009-BLG-052,MOA-2,gb5,10,+17:54:21.9922,-28:38:35.6784,,268.5916341666666,-28.643244
MOA-2009-BLG-053,MOA-2,gb5,8,+17:55:43.8878,-29:14:34.2024,,268.9328658333333,-29.242834000000002
MOA-2009-BLG-054,MOA-2,gb5,8,+17:56:22.9034,-29:14:51.9972,,269.0954308333333,-29.247777
MOA-2009-BLG-055,MOA-2,gb9,10,+18:00:46.5295,-28:35:33.9288,,270.19387291666663,-28.592758
MOA-2009-BLG-056,MOA-2,gb9,2,+17:59:01.4842,-28:57:15.5304,,269.7561841666666,-28.954314
MOA-2009-BLG-057,MOA-2,gb9,4,+17:58:18.0199,-29:36:44.6940,,269.57508291666664,-29.612415000000002
MOA-2009-BLG-058,MOA-2,gb9,5,+17:57:52.0898,-29:47:10.5288,,269.4670408333333,-29.786258
MOA-2009-BLG-059,MOA-2,gb9,7,+18:02:42.2630,-29:34:41.2932,,270.67609583333336,-29.578136999999998
MOA-2009-BLG-060,MOA-2,gb9,8,+18:02:18.3146,-29:13:12.5364,,270.5763108333333,-29.220149
MOA-2009-BLG-061,MOA-2,gb5,4,+17:53:47.4446,-29:28:28.0236,,268.44768583333325,-29.474451
MOA-2009-BLG-062,MOA-2,gb8,2,+17:58:30.8861,-30:34:07.1796,,269.6286920833333,-30.568661
MOA-2009-BLG-063,MOA-2,gb13,3,+18:05:09.1978,-29:07:49.3500,,271.2883241666666,-29.130375
MOA-2009-BLG-064,MOA-2,gb18,3,+18:10:50.8337,-25:35:34.4004,,272.71180708333327,-25.592889
MOA-2009-BLG-065,MOA-2,gb4,1,+17:53:56.3422,-30:11:49.0308,,268.48475916666666,-30.196953
MOA-2009-BLG-066,MOA-2,gb7,1,+17:58:02.8829,-31:54:25.6068,,269.5120120833333,-31.907113
MOA-2009-BLG-067,MOA-2,gb10,7,+18:02:53.1319,-27:41:15.3888,,270.72138291666664,-27.687608
MOA-2009-BLG-068,MOA-2,gb13,4,+18:04:04.1088,-29:28:35.4396,,271.01712,-29.476511
MOA-2009-BLG-069,MOA-2,gb19,10,+18:19:19.0258,-24:44:23.4168,,274.8292741666666,-24.739838000000002
MOA-2009-BLG-070,MOA-2,gb4,8,+17:54:36.9060,-30:56:32.4960,,268.65377499999994,-30.94236
MOA-2009-BLG-071,MOA-2,gb5,7,+17:54:46.7006,-29:33:05.1048,,268.6945858333333,-29.551418
MOA-2009-BLG-072,MOA-2,gb1,2,+17:47:29.9009,-34:00:52.1820,,266.8745870833333,-34.014495
MOA-2009-BLG-073,MOA-2,gb16,9,+18:12:15.0010,-28:53:57.5520,,273.06250416666666,-28.89932
MOA-2009-BLG-074,MOA-2,gb5,7,+17:54:44.5176,-29:38:41.0172,,268.68548999999996,-29.644727
MOA-2009-BLG-075,MOA-2,gb9,1,+17:57:05.3710,-28:39:09.5832,,269.27237916666667,-28.652662
MOA-2009-BLG-076,MOA-2,gb9,10,+18:00:25.1546,-28:40:31.6524,,270.10481083333326,-28.675459
MOA-2009-BLG-077,MOA-2,gb1,5,+17:46:02.0978,-35:00:23.5332,unknown,266.5087408333333,-35.006537
MOA-2009-BLG-078,MOA-2,gb10,6,+18:01:30.2309,-28:11:34.9764,,270.37596208333326,-28.193049
MOA-2009-BLG-079,MOA-2,gb4,9,+17:54:12.2242,-30:39:40.9644,,268.5509341666666,-30.661379
MOA-2009-BLG-080,MOA-2,gb12,10,+18:07:32.4022,-30:19:33.0060,CV,271.88500916666663,-30.325835
MOA-2009-BLG-081,MOA-2,gb13,8,+18:07:27.0955,-29:11:54.0744,unknown,271.8628979166666,-29.198354000000002
MOA-2009-BLG-082,MOA-2,gb3,9,+17:55:01.2012,-32:24:12.0888,unknown,268.755005,-32.403358
MOA-2009-BLG-083,MOA-2,gb5,6,+17:54:48.5422,-30:04:39.2304,unknown,268.70225916666664,-30.077564
MOA-2009-BLG-084,MOA-2,gb10,6,+18:01:42.0187,-28:09:40.8312,,270.4250779166666,-28.161341999999998
MOA-2009-BLG-085,MOA-2,gb13,8,+18:07:04.2826,-29:13:00.3576,,271.76784416666663,-29.216766
MOA-2009-BLG-086,MOA-2,gb17,7,+18:14:07.1717,-27:58:37.3404,,273.5298820833333,-27.977038999999998
MOA-2009-BLG-087,MOA-2,gb2,9,+17:56:58.6234,-34:02:38.1660,,269.24426416666665,-34.043935
MOA-2009-BLG-088,MOA-2,gb2,9,+17:55:18.2309,-34:03:58.1868,,268.82596208333337,-34.066162999999996
MOA-2009-BLG-089,MOA-2,gb3,6,+17:54:07.3668,-33:34:37.8624,,268.5306949999999,-33.577184
MOA-2009-BLG-090,MOA-2,gb4,3,+17:51:26.7854,-31:01:08.7492,,267.86160583333333,-31.019097
MOA-2009-BLG-091,MOA-2,gb5,9,+17:56:03.3660,-28:51:41.0616,,269.01402499999995,-28.861406000000002
MOA-2009-BLG-092,MOA-2,gb7,10,+18:01:43.4652,-32:08:34.8648,CV,270.43110499999995,-32.143018
MOA-2009-BLG-093,MOA-2,gb9,1,+17:58:59.4295,-28:40:48.3924,,269.7476229166666,-28.680109
MOA-2009-BLG-094,MOA-2,gb9,3,+17:58:31.8732,-29:12:17.9136,,269.63280499999996,-29.204976
MOA-2009-BLG-095,MOA-2,gb9,3,+17:58:51.6194,-29:13:43.4496,,269.7150808333333,-29.228735999999998
MOA-2009-BLG-096,MOA-2,gb9,5,+17:59:17.5078,-29:50:25.2528,,269.8229491666666,-29.840348
MOA-2009-BLG-097,MOA-2,gb1,2,+17:44:25.8600,-34:02:01.1220,,266.10775,-34.033645
MOA-2009-BLG-098,MOA-2,gb10,2,+17:57:15.5832,-27:16:38.1432,,269.31492999999995,-27.277262
MOA-2009-BLG-099,MOA-2,gb10,5,+17:57:25.3404,-28:07:31.2060,,269.35558499999996,-28.125335
MOA-2009-BLG-100,MOA-2,gb11,4,+18:03:32.0789,-33:00:16.4844,,270.8836620833333,-33.004579
MOA-2009-BLG-101,MOA-2,gb12,8,+18:07:00.2030,-30:58:46.7940,,271.7508458333333,-30.979664999999997
MOA-2009-BLG-102,MOA-2,gb13,5,+18:04:38.3842,-29:53:15.8784,,271.15993416666663,-29.887743999999998
MOA-2009-BLG-103,MOA-2,gb14,1,+18:05:28.1570,-26:54:36.8604,,271.3673208333333,-26.910238999999997
MOA-2009-BLG-104,MOA-2,gb14,3,+18:04:42.6540,-27:25:52.6152,,271.17772499999995,-27.431282
MOA-2009-BLG-105,MOA-2,gb14,7,+18:06:32.8824,-27:50:18.5316,,271.63701,-27.838480999999998
MOA-2009-BLG-106,MOA-2,gb17,2,+18:09:56.4948,-27:14:59.3592,,272.4853949999999,-27.249822
MOA-2009-BLG-107,MOA-2,gb17,3,+18:10:49.4942,-27:32:57.0912,,272.7062258333333,-27.549192
MOA-2009-BLG-108,MOA-2,gb19,4,+18:16:57.0744,-25:44:01.4208,,274.23780999999997,-25.733728
MOA-2009-BLG-109,MOA-2,gb2,4,+17:51:56.5217,-34:57:14.2884,,267.9855070833333,-34.953969
MOA-2009-BLG-110,MOA-2,gb9,4,+17:59:00.1699,-29:40:12.8856,,269.75070791666667,-29.670246000000002
MOA-2009-BLG-111,MOA-2,gb10,6,+18:01:43.6589,-28:15:33.3684,CV,270.43191208333326,-28.259269
MOA-2009-BLG-112,MOA-2,gb5,9,+17:56:28.0596,-28:44:08.9916,,269.11691499999995,-28.735831
MOA-2009-BLG-113,MOA-2,gb20,2,+18:17:24.1886,-23:20:16.1412,,274.35078583333336,-23.337816999999998
MOA-2009-BLG-114,MOA-2,gb13,2,+18:04:34.0999,-29:01:30.4428,,271.14208291666665,-29.025123
MOA-2009-BLG-115,MOA-2,gb3,2,+17:52:19.9918,-32:26:31.6968,CV,268.0832991666667,-32.442138
MOA-2009-BLG-116,MOA-2,gb13,7,+18:07:13.8038,-29:35:47.7420,,271.80751583333335,-29.596594999999997
MOA-2009-BLG-117,MOA-2,gb9,10,+18:01:11.4814,-28:41:22.7004,,270.2978391666666,-28.689639
MOA-2009-BLG-118,MOA-2,gb9,8,+18:00:24.5244,-29:22:47.3088,,270.10218499999996,-29.379808
MOA-2009-BLG-119,MOA-2,gb1,2,+17:44:32.9873,-33:47:32.4348,,266.13744708333337,-33.792342999999995
MOA-2009-BLG-120,MOA-2,gb10,6,+18:01:51.6180,-28:03:21.3264,,270.46507499999996,-28.055924
MOA-2009-BLG-121,MOA-2,gb10,5,+17:58:25.8646,-28:11:04.5528,,269.6077691666666,-28.184598
MOA-2009-BLG-122,MOA-2,gb10,4,+17:59:16.2223,-27:45:51.7788,,269.8175929166667,-27.764383
MOA-2009-BLG-123,MOA-2,gb11,7,+18:06:30.2974,-33:00:23.3748,,271.62623916666666,-33.006493
MOA-2009-BLG-124,MOA-2,gb13,1,+18:05:39.7980,-28:24:53.4780,,271.4158249999999,-28.414855
MOA-2009-BLG-125,MOA-2,gb14,4,+18:05:43.4443,-27:46:28.4664,,271.4310179166666,-27.774573999999998
MOA-2009-BLG-126,MOA-2,gb18,5,+18:11:00.4577,-26:31:21.5004,,272.7519070833333,-26.522638999999998
MOA-2009-BLG-127,MOA-2,gb3,10,+17:54:22.4333,-32:08:06.9324,,268.59347208333327,-32.135259
MOA-2009-BLG-128,MOA-2,gb4,3,+17:53:04.5461,-31:04:53.6844,,268.2689420833333,-31.081579
MOA-2009-BLG-129,MOA-2,gb4,8,+17:54:22.8586,-30:50:20.9580,,268.59524416666665,-30.839154999999998
MOA-2009-BLG-130,MOA-2,gb8,9,+18:01:36.0991,-30:43:21.6408,,270.4004129166666,-30.722678
MOA-2009-BLG-131,MOA-2,gb9,10,+18:01:14.8375,-28:36:23.8536,CV,270.3118229166666,-28.606626000000002
MOA-2009-BLG-132,MOA-2,gb1,10,+17:50:14.3714,-33:33:23.9184,,267.5598808333333,-33.556644
MOA-2009-BLG-133,MOA-2,gb12,7,+18:06:32.8543,-31:30:11.3796,,271.6368929166667,-31.503161
MOA-2009-BLG-134,MOA-2,gb15,9,+18:07:22.9097,-25:27:29.5668,,271.8454570833333,-25.458213
MOA-2009-BLG-135,MOA-2,gb17,9,+18:12:54.6706,-27:01:08.9832,,273.2277941666666,-27.019161999999998
MOA-2009-BLG-136,MOA-2,gb4,8,+17:56:04.8674,-30:49:57.3888,,269.02028083333335,-30.832608
MOA-2009-BLG-137,MOA-2,gb5,4,+17:51:37.9490,-29:32:43.2348,,267.9081208333333,-29.545343000000003
MOA-2009-BLG-138,MOA-2,gb5,4,+17:53:10.8684,-29:26:08.3616,,268.2952849999999,-29.435656
MOA-2009-BLG-139,MOA-2,gb5,8,+17:54:15.2453,-29:15:10.4976,,268.5635220833333,-29.252916
MOA-2009-BLG-140,MOA-2,gb5,9,+17:55:27.4226,-28:53:17.3076,,268.86426083333333,-28.888141
MOA-2009-BLG-141,MOA-2,gb9,2,+17:58:17.8118,-28:56:00.9024,,269.5742158333333,-28.933584
MOA-2009-BLG-142,MOA-2,gb9,5,+17:58:08.5294,-29:53:23.7228,,269.5355391666666,-29.889923
MOA-2009-BLG-143,MOA-2,gb9,6,+18:02:41.9258,-29:53:39.0228,,270.67469083333333,-29.894173
MOA-2009-BLG-144,MOA-2,gb5,6,+17:54:45.4397,-30:01:29.5212,unknown,268.6893320833333,-30.024867
MOA-2009-BLG-145,MOA-2,gb10,1,+17:59:31.2113,-26:39:22.7340,,269.8800470833333,-26.656315
MOA-2009-BLG-146,MOA-2,gb8,3,+17:57:46.5864,-30:55:59.8008,,269.44410999999997,-30.933278
MOA-2009-BLG-147,MOA-2,gb12,7,+18:06:09.2028,-31:14:58.9488,,271.538345,-31.249708000000002
MOA-2009-BLG-148,MOA-2,gb17,2,+18:10:30.6578,-27:09:03.2148,CV,272.62774083333335,-27.150893
MOA-2009-BLG-149,MOA-2,gb19,3,+18:17:47.7350,-25:26:32.4312,,274.4488958333333,-25.442342
MOA-2009-BLG-150,MOA-2,gb2,10,+17:55:42.2993,-33:52:57.6876,CV,268.92624708333335,-33.882691
MOA-2009-BLG-151,MOA-2,gb2,2,+17:53:43.4822,-33:59:06.5508,,268.43117583333327,-33.985153000000004
MOA-2009-BLG-152,MOA-2,gb5,3,+17:53:36.3576,-29:16:47.2548,,268.40148999999997,-29.279792999999998
MOA-2009-BLG-153,MOA-2,gb5,7,+17:54:22.8271,-29:44:29.3532,,268.59511291666666,-29.741487
MOA-2009-BLG-154,MOA-2,gb10,2,+17:58:09.1234,-27:12:07.5888,,269.5380141666666,-27.202108
MOA-2009-BLG-155,MOA-2,gb13,8,+18:06:56.6455,-29:09:41.4000,,271.7360229166666,-29.1615
MOA-2009-BLG-156,MOA-2,gb14,2,+18:03:44.3482,-27:15:56.8260,,270.93478416666665,-27.265785
MOA-2009-BLG-157,MOA-2,gb4,1,+17:53:05.4017,-30:13:31.2888,,268.2725070833333,-30.225358
MOA-2009-BLG-158,MOA-2,gb13,10,+18:07:54.0250,-28:30:49.8204,unknown,271.97510416666665,-28.513839
MOA-2009-BLG-159,MOA-2,gb10,5,+17:59:58.1414,-28:03:06.1668,unknown,269.99225583333333,-28.051713
MOA-2009-BLG-160,MOA-2,gb10,8,+18:01:36.3168,-27:29:09.4632,,270.40131999999994,-27.485962
MOA-2009-BLG-161,MOA-2,gb13,5,+18:03:08.2625,-29:47:22.0128,,270.7844270833333,-29.789448
MOA-2009-BLG-162,MOA-2,gb5,3,+17:53:08.6354,-29:23:10.9140,,268.28598083333327,-29.386364999999998
MOA-2009-BLG-163,MOA-2,gb5,8,+17:56:35.5630,-29:23:16.4220,,269.14817916666664,-29.387895
MOA-2009-BLG-164,MOA-2,gb4,8,+17:56:48.5414,-30:56:53.2932,,269.2022558333333,-30.948137
MOA-2009-BLG-165,MOA-2,gb2,7,+17:54:43.4712,-34:52:28.9200,,268.68112999999994,-34.8747
MOA-2009-BLG-166,MOA-2,gb12,9,+18:09:00.3384,-30:40:22.8864,,272.25140999999996,-30.673024
MOA-2009-BLG-167,MOA-2,gb15,8,+18:07:45.4162,-25:37:08.0220,,271.93923416666667,-25.618895000000002
MOA-2009-BLG-168,MOA-2,gb16,2,+18:10:29.7533,-28:58:30.7452,,272.6239720833333,-28.975206999999997
MOA-2009-BLG-169,MOA-2,gb17,2,+18:11:09.7663,-27:05:46.8204,,272.7906929166666,-27.096339
MOA-2009-BLG-170,MOA-2,gb17,4,+18:10:37.3080,-27:42:37.9404,,272.65545,-27.710539
MOA-2009-BLG-171,MOA-2,gb3,10,+17:55:31.9433,-32:05:35.4876,,268.8830970833333,-32.093191000000004
MOA-2009-BLG-172,MOA-2,gb3,4,+17:52:23.2994,-33:08:04.9488,,268.0970808333333,-33.134707999999996
MOA-2009-BLG-173,MOA-2,gb7,3,+17:59:59.0772,-32:36:06.0300,,269.996155,-32.601675
MOA-2009-BLG-174,MOA-2,gb8,7,+18:02:07.6049,-31:25:24.1968,,270.53168708333334,-31.423388000000003
MOA-2009-BLG-175,MOA-2,gb8,2,+17:59:15.1409,-30:33:18.6300,,269.81308708333336,-30.555175000000002
MOA-2009-BLG-176,MOA-2,gb9,5,+17:58:07.6325,-29:54:47.6712,,269.5318020833333,-29.913242
MOA-2009-BLG-177,MOA-2,gb1,6,+17:49:20.6647,-35:01:40.3824,,267.3361029166667,-35.027884
MOA-2009-BLG-178,MOA-2,gb18,4,+18:09:31.8758,-25:56:51.7416,,272.38281583333327,-25.947706
MOA-2009-BLG-179,MOA-2,gb19,4,+18:16:03.6643,-25:59:26.7972,,274.01526791666663,-25.990777
MOA-2009-BLG-180,MOA-2,gb20,6,+18:18:54.9461,-24:17:23.6508,,274.7289420833333,-24.289903000000002
MOA-2009-BLG-181,MOA-2,gb3,2,+17:53:33.6346,-32:26:42.5544,CV,268.39014416666663,-32.445153999999995
MOA-2009-BLG-182,MOA-2,gb5,4,+17:53:56.6618,-29:30:36.7344,,268.4860908333333,-29.510204
MOA-2009-BLG-183,MOA-2,gb1,7,+17:47:42.1025,-34:26:24.0468,,266.9254270833333,-34.44001299999999
MOA-2009-BLG-184,MOA-2,gb10,8,+18:02:28.2370,-27:28:17.5944,,270.6176541666666,-27.471553999999998
MOA-2009-BLG-185,MOA-2,gb4,3,+17:51:56.2783,-31:02:15.9036,,267.9844929166667,-31.037751
MOA-2009-BLG-186,MOA-2,gb9,4,+17:57:38.5078,-29:37:31.5444,,269.41044916666664,-29.625429
MOA-2009-BLG-187,MOA-2,gb3,3,+17:53:23.6743,-32:47:18.4020,,268.3486429166666,-32.788444999999996
MOA-2009-BLG-188,MOA-2,gb8,3,+17:57:19.9642,-31:07:27.4620,unknown,269.3331841666666,-31.124295
MOA-2009-BLG-189,MOA-2,gb10,3,+17:58:49.9879,-27:32:08.9268,CV,269.7082829166666,-27.535813
MOA-2009-BLG-190,MOA-2,gb13,2,+18:05:21.8551,-28:55:35.8032,,271.34106291666666,-28.926612000000002
MOA-2009-BLG-191,MOA-2,gb14,10,+18:07:12.1488,-26:41:50.6580,,271.80062,-26.697405
MOA-2009-BLG-192,MOA-2,gb4,8,+17:55:38.3359,-30:52:14.3400,,268.90973291666666,-30.87065
MOA-2009-BLG-193,MOA-2,gb5,7,+17:54:44.7694,-29:27:19.8144,,268.6865391666666,-29.455503999999998
MOA-2009-BLG-194,MOA-2,gb5,8,+17:54:06.7922,-29:05:09.5280,,268.5283008333333,-29.08598
MOA-2009-BLG-195,MOA-2,gb9,10,+18:03:01.1693,-28:23:26.4768,CV,270.7548720833333,-28.390688
MOA-2009-BLG-196,MOA-2,gb1,3,+17:44:48.5633,-34:20:14.4816,,266.2023470833333,-34.337356
MOA-2009-BLG-197,MOA-2,gb10,5,+17:57:16.9034,-28:05:40.7220,,269.32043083333326,-28.094645
MOA-2009-BLG-198,MOA-2,gb14,5,+18:03:16.6901,-28:20:48.9804,,270.8195420833333,-28.346939
MOA-2009-BLG-199,MOA-2,gb17,7,+18:13:47.5001,-27:44:41.3556,,273.44791708333327,-27.744821
MOA-2009-BLG-200,MOA-2,gb2,3,+17:53:05.7694,-34:30:26.2512,,268.2740391666666,-34.507292
MOA-2009-BLG-201,MOA-2,gb5,9,+17:55:39.7241,-28:50:46.2948,,268.9155170833333,-28.846193
MOA-2009-BLG-202,MOA-2,gb10,5,+17:59:57.1848,-28:14:57.3144,,269.98827,-28.249254
MOA-2009-BLG-203,MOA-2,gb10,6,+18:00:04.5650,-28:11:05.3952,,270.0190208333333,-28.184832
MOA-2009-BLG-204,MOA-2,gb9,9,+18:02:23.6249,-28:45:18.4824,,270.5984370833333,-28.755134
MOA-2009-BLG-205,MOA-2,gb14,1,+18:04:41.1175,-26:50:16.9008,,271.1713229166666,-26.838027999999998
MOA-2009-BLG-206,MOA-2,gb3,4,+17:52:29.7079,-33:10:03.0180,,268.12378291666664,-33.167505
MOA-2009-BLG-207,MOA-2,gb1,4,+17:44:58.5641,-34:29:14.7984,,266.2440170833333,-34.487444
MOA-2009-BLG-208,MOA-2,gb1,9,+17:49:11.0412,-33:53:38.2740,,267.296005,-33.893965
MOA-2009-BLG-209,MOA-2,gb10,8,+18:01:23.1319,-27:29:31.3476,,270.34638291666664,-27.492041
MOA-2009-BLG-210,MOA-2,gb1,1,+17:45:09.6475,-33:35:48.0336,,266.29019791666667,-33.596676
MOA-2009-BLG-211,MOA-2,gb15,7,+18:07:07.3469,-26:01:16.0968,,271.7806120833333,-26.021138
MOA-2009-BLG-212,MOA-2,gb8,3,+17:58:04.3147,-31:01:30.9360,,269.5179779166666,-31.02526
MOA-2009-BLG-213,MOA-2,gb5,9,+17:54:39.3132,-28:51:51.0984,,268.66380499999997,-28.864194
MOA-2009-BLG-214,MOA-2,gb13,8,+18:07:32.5834,-29:18:23.2128,,271.8857641666666,-29.306448
MOA-2009-BLG-215,MOA-2,gb14,3,+18:03:26.8138,-27:36:28.3176,,270.8617241666666,-27.607866
MOA-2009-BLG-216,MOA-2,gb18,8,+18:12:58.1081,-25:51:46.0188,,273.24211708333326,-25.862783
MOA-2009-BLG-217,MOA-2,gb8,7,+18:02:00.0341,-31:11:11.7024,unknown,270.5001420833333,-31.186584
MOA-2009-BLG-218,MOA-2,gb4,9,+17:56:33.9271,-30:42:15.8652,,269.14136291666665,-30.704407
MOA-2009-BLG-219,MOA-2,gb10,6,+18:00:16.2406,-28:09:50.3748,,270.06766916666663,-28.163992999999998
MOA-2009-BLG-220,MOA-2,gb12,4,+18:04:32.6371,-31:27:00.8820,,271.13598791666664,-31.450245
MOA-2009-BLG-221,MOA-2,gb13,10,+18:06:39.5038,-28:41:38.8032,,271.6645991666667,-28.694112
MOA-2009-BLG-222,MOA-2,gb17,4,+18:10:10.2005,-27:56:20.4648,,272.5425020833333,-27.939018
MOA-2009-BLG-223,MOA-2,gb9,8,+18:03:00.1894,-29:11:43.7172,,270.75078916666666,-29.195477
MOA-2009-BLG-224,MOA-2,gb13,3,+18:03:00.0850,-29:11:44.2212,,270.7503541666666,-29.195617
MOA-2009-BLG-225,MOA-2,gb8,3,+17:59:15.7932,-30:54:13.2156,,269.815805,-30.903671
MOA-2009-BLG-226,MOA-2,gb14,1,+18:05:08.1348,-26:50:13.8480,,271.283895,-26.83718
MOA-2009-BLG-227,MOA-2,gb14,9,+18:07:34.9193,-27:00:44.0568,,271.89549708333334,-27.012238
MOA-2009-BLG-228,MOA-2,gb5,8,+17:55:58.1902,-29:09:32.4648,,268.99245916666666,-29.159018
MOA-2009-BLG-229,MOA-2,gb13,5,+18:05:19.8636,-30:05:50.0892,,271.33276499999994,-30.097247
MOA-2009-BLG-230,MOA-2,gb9,8,+18:00:11.4883,-29:22:19.7544,,270.04786791666663,-29.372154000000002
MOA-2009-BLG-231,MOA-2,gb5,6,+17:55:54.7675,-30:05:13.8264,,268.97819791666666,-30.087173999999997
MOA-2009-BLG-232,MOA-2,gb5,9,+17:54:22.3406,-29:03:20.8080,,268.5930858333333,-29.055780000000002
MOA-2009-BLG-233,MOA-2,gb15,5,+18:05:46.2074,-26:28:02.0928,,271.44253083333325,-26.467247999999998
MOA-2009-BLG-234,MOA-2,gb5,8,+17:55:20.9537,-29:24:20.9376,unknown,268.8373070833333,-29.405815999999998
MOA-2009-BLG-235,MOA-2,gb1,3,+17:45:14.9918,-34:22:04.4364,,266.3124658333333,-34.367899
MOA-2009-BLG-236,MOA-2,gb10,7,+18:00:48.5208,-27:56:20.1372,,270.20216999999997,-27.938927
MOA-2009-BLG-237,MOA-2,gb4,8,+17:54:53.0215,-31:08:54.7980,,268.7209229166666,-31.148554999999998
MOA-2009-BLG-238,MOA-2,gb5,4,+17:53:26.8229,-29:33:16.9884,,268.3617620833333,-29.554719000000002
MOA-2009-BLG-239,MOA-2,gb5,6,+17:55:13.5713,-29:52:26.9868,,268.8065470833333,-29.874163
MOA-2009-BLG-240,MOA-2,gb5,6,+17:55:27.0974,-29:54:00.4968,,268.86290583333334,-29.900138
MOA-2009-BLG-241,MOA-2,gb10,6,+18:00:46.1035,-28:16:38.6724,,270.1920979166666,-28.277409
MOA-2009-BLG-242,MOA-2,gb8,9,+18:00:48.0806,-30:38:54.6072,,270.2003358333333,-30.648502
MOA-2009-BLG-243,MOA-2,gb5,3,+17:53:24.6319,-29:08:55.5900,,268.35263291666666,-29.148775
MOA-2009-BLG-244,MOA-2,gb1,8,+17:49:42.6185,-34:10:40.6668,,267.4275770833333,-34.177963
MOA-2009-BLG-245,MOA-2,gb1,6,+17:50:20.0426,-34:49:04.2816,,267.58351083333326,-34.817856000000006
MOA-2009-BLG-246,MOA-2,gb10,3,+17:59:57.5285,-27:39:17.8776,,269.9897020833333,-27.654965999999998
MOA-2009-BLG-247,MOA-2,gb13,3,+18:03:12.5455,-29:05:40.2468,,270.80227291666665,-29.094513
MOA-2009-BLG-248,MOA-2,gb13,5,+18:05:44.1612,-30:00:57.9996,,271.43400499999996,-30.016111
MOA-2009-BLG-249,MOA-2,gb14,1,+18:04:34.1225,-26:48:45.4500,,271.1421770833333,-26.812625
MOA-2009-BLG-250,MOA-2,gb15,6,+18:07:35.1818,-26:34:24.0852,,271.89659083333333,-26.573357
MOA-2009-BLG-251,MOA-2,gb18,2,+18:10:43.4122,-25:28:59.9412,,272.68088416666666,-25.483317
MOA-2009-BLG-252,MOA-2,gb18,6,+18:12:32.1473,-26:34:09.0840,,273.1339470833333,-26.56919
MOA-2009-BLG-253,MOA-2,gb2,2,+17:51:58.6157,-34:03:14.2272,,267.9942320833333,-34.053951999999995
MOA-2009-BLG-254,MOA-2,gb4,7,+17:55:32.0686,-31:12:42.8652,,268.8836191666667,-31.211907
MOA-2009-BLG-255,MOA-2,gb5,2,+17:52:02.6455,-28:45:41.6268,,268.01102291666666,-28.761563
MOA-2009-BLG-256,MOA-2,gb5,4,+17:53:19.2953,-29:33:51.6132,,268.3303970833333,-29.564337000000002
MOA-2009-BLG-257,MOA-2,gb5,6,+17:56:23.1509,-29:55:27.4584,,269.09646208333334,-29.924294
MOA-2009-BLG-258,MOA-2,gb5,8,+17:55:54.6468,-29:10:26.2416,,268.97769500000004,-29.173956
MOA-2009-BLG-259,MOA-2,gb9,3,+17:57:57.5119,-29:11:39.3936,,269.4896329166666,-29.194276
MOA-2009-BLG-260,MOA-2,gb10,1,+17:58:28.5672,-26:50:21.0912,,269.61902999999995,-26.839191999999997
MOA-2009-BLG-261,MOA-2,gb4,10,+17:56:50.3134,-30:14:31.9308,,269.2096391666666,-30.242203
MOA-2009-BLG-262,MOA-2,gb5,6,+17:55:41.6940,-29:51:22.9392,,268.923725,-29.856372
MOA-2009-BLG-263,MOA-2,gb5,5,+17:52:44.3503,-29:51:36.9648,,268.18479291666665,-29.860268
MOA-2009-BLG-264,MOA-2,gb9,1,+17:58:35.7934,-28:28:56.1432,,269.6491391666666,-28.482262
MOA-2009-BLG-265,MOA-2,gb1,10,+17:48:29.0268,-33:34:22.4904,,267.120945,-33.572914000000004
MOA-2009-BLG-266,MOA-2,gb1,6,+17:48:01.9462,-35:00:19.4832,,267.00810916666666,-35.005412
MOA-2009-BLG-267,MOA-2,gb11,7,+18:09:08.4384,-32:58:18.9228,,272.28515999999996,-32.971923000000004
MOA-2009-BLG-268,MOA-2,gb13,2,+18:04:26.8145,-28:48:39.3084,,271.1117270833333,-28.810919000000002
MOA-2009-BLG-269,MOA-2,gb13,2,+18:04:52.6198,-28:43:29.9028,,271.21924916666666,-28.724973
MOA-2009-BLG-270,MOA-2,gb14,4,+18:03:42.0247,-27:49:03.3240,,270.9251029166666,-27.81759
MOA-2009-BLG-271,MOA-2,gb14,8,+18:07:54.9118,-27:27:16.5024,,271.97879916666665,-27.454584
MOA-2009-BLG-272,MOA-2,gb17,9,+18:13:25.9646,-27:10:07.1760,,273.35818583333327,-27.168660000000003
MOA-2009-BLG-273,MOA-2,gb17,9,+18:14:04.8394,-27:16:51.8412,,273.5201641666667,-27.281067
MOA-2009-BLG-274,MOA-2,gb3,4,+17:53:23.0374,-33:07:16.8348,,268.34598916666664,-33.121343
MOA-2009-BLG-275,MOA-2,gb8,3,+17:57:55.0483,-31:03:00.1728,,269.4793679166666,-31.050048
MOA-2009-BLG-276,MOA-2,gb16,2,+18:09:34.3046,-28:46:20.8272,,272.3929358333333,-28.772451999999998
MOA-2009-BLG-277,MOA-2,gb1,8,+17:50:40.3735,-34:12:05.9724,,267.6682229166666,-34.201659
MOA-2009-BLG-278,MOA-2,gb13,4,+18:03:52.7045,-29:31:11.4132,,270.9696020833333,-29.519837
MOA-2009-BLG-279,MOA-2,gb14,3,+18:03:43.6519,-27:28:12.5508,,270.9318829166666,-27.470153
MOA-2009-BLG-280,MOA-2,gb19,8,+18:18:16.4306,-25:39:23.9004,,274.5684608333333,-25.656639
MOA-2009-BLG-281,MOA-2,gb4,9,+17:54:14.1970,-30:34:06.4200,,268.55915416666664,-30.56845
MOA-2009-BLG-282,MOA-2,gb8,9,+18:02:38.5896,-30:30:12.8844,CV,270.66079,-30.503579
MOA-2009-BLG-283,MOA-2,gb6,7,+17:55:47.8274,-27:48:36.8532,,268.9492808333333,-27.810237
MOA-2009-BLG-284,MOA-2,gb21,6,+18:20:34.0037,-22:48:39.0960,CV,275.14168208333325,-22.81086
MOA-2009-BLG-285,MOA-2,gb10,6,+18:00:25.9627,-28:08:04.6500,,270.1081779166666,-28.134625
MOA-2009-BLG-286,MOA-2,gb5,5,+17:51:23.3722,-29:51:24.4620,,267.84738416666664,-29.856795
MOA-2009-BLG-287,MOA-2,gb8,7,+18:00:16.2353,-31:16:32.7540,,270.0676470833333,-31.275765
MOA-2009-BLG-288,MOA-2,gb3,8,+17:54:47.3844,-32:44:44.6316,,268.6974349999999,-32.745731
MOA-2009-BLG-289,MOA-2,gb3,9,+17:54:10.0555,-32:32:27.2004,,268.5418979166666,-32.540889
MOA-2009-BLG-290,MOA-2,gb9,4,+17:58:40.3884,-29:30:08.6436,,269.66828499999997,-29.502401
MOA-2009-BLG-291,MOA-2,gb14,2,+18:03:18.8489,-27:15:52.8336,,270.82853708333334,-27.264676
MOA-2009-BLG-292,MOA-2,gb4,9,+17:56:40.9754,-30:29:20.7348,,269.17073083333327,-30.489093
MOA-2009-BLG-293,MOA-2,gb14,4,+18:05:21.6122,-27:41:53.8368,,271.3400508333333,-27.698288
MOA-2009-BLG-294,MOA-2,gb5,7,+17:56:37.2979,-29:37:37.2756,,269.15540791666666,-29.627021
MOA-2009-BLG-295,MOA-2,gb8,3,+17:59:20.3923,-31:06:57.7800,,269.83496791666664,-31.11605
MOA-2009-BLG-296,MOA-2,gb8,4,+17:59:14.3350,-31:26:47.2416,,269.80972916666667,-31.446456
MOA-2009-BLG-297,MOA-2,gb4,10,+17:56:18.4190,-30:12:59.6592,,269.07674583333335,-30.216572
MOA-2009-BLG-298,MOA-2,gb5,5,+17:53:52.6219,-29:50:46.5648,,268.4692579166666,-29.846268
MOA-2009-BLG-299,MOA-2,gb7,2,+17:57:53.6148,-32:32:33.1944,,269.473395,-32.542553999999996
MOA-2009-BLG-300,MOA-2,gb10,6,+18:00:35.0570,-28:05:47.0400,,270.1460708333333,-28.0964
MOA-2009-BLG-301,MOA-2,gb4,10,+17:56:24.7390,-30:18:22.2948,,269.10307916666665,-30.306193
MOA-2009-BLG-302,MOA-2,gb4,9,+17:54:11.7413,-30:45:17.3592,,268.54892208333325,-30.754822
MOA-2009-BLG-303,MOA-2,gb7,3,+17:59:17.2445,-32:34:32.5380,,269.82185208333334,-32.575705000000006
MOA-2009-BLG-304,MOA-2,gb9,2,+17:58:00.7524,-28:44:48.8364,,269.503135,-28.746899000000003
MOA-2009-BLG-305,MOA-2,gb9,9,+18:00:08.2622,-29:02:02.9652,,270.03442583333333,-29.034157
MOA-2009-BLG-306,MOA-2,gb9,3,+17:58:33.4334,-29:16:39.9756,,269.6393058333333,-29.277770999999998
MOA-2009-BLG-307,MOA-2,gb4,10,+17:54:06.5618,-30:21:37.8792,,268.52734083333326,-30.360522000000003
MOA-2009-BLG-308,MOA-2,gb5,1,+17:53:33.8328,-28:30:03.9168,,268.39097,-28.501088
MOA-2009-BLG-309,MOA-2,gb13,3,+18:03:26.7677,-29:17:46.4784,,270.8615320833333,-29.296244
MOA-2009-BLG-310,MOA-2,gb14,7,+18:07:21.3588,-27:46:34.2336,,271.83899499999995,-27.776176
MOA-2009-BLG-311,MOA-2,gb19,2,+18:16:15.9722,-25:11:40.8912,CV,274.0665508333333,-25.194692
MOA-2009-BLG-312,MOA-2,gb9,2,+17:57:14.9225,-28:54:21.7080,,269.31217708333327,-28.906029999999998
MOA-2009-BLG-313,MOA-2,gb14,3,+18:05:56.8349,-27:19:51.6612,,271.4868120833333,-27.331017
MOA-2009-BLG-314,MOA-2,gb17,3,+18:11:55.4681,-27:26:16.4652,,272.9811170833333,-27.437907
MOA-2009-BLG-315,MOA-2,gb16,1,+18:09:58.4407,-28:32:07.0152,,272.4935029166666,-28.535282000000002
MOA-2009-BLG-316,MOA-2,gb17,7,+18:14:16.8293,-27:54:46.2204,,273.57012208333333,-27.912838999999998
MOA-2009-BLG-317,MOA-2,gb4,5,+17:53:30.4994,-31:32:05.2008,,268.37708083333325,-31.534778000000003
MOA-2009-BLG-318,MOA-2,gb14,3,+18:04:41.7934,-27:30:17.0676,,271.17413916666663,-27.504741
MOA-2009-BLG-319,MOA-2,gb14,10,+18:06:58.1270,-26:49:10.8912,,271.7421958333333,-26.819692
MOA-2009-BLG-320,MOA-2,gb12,5,+18:04:55.5569,-31:41:33.3996,,271.2314870833333,-31.692611
MOA-2009-BLG-321,MOA-2,gb15,9,+18:08:13.3087,-25:21:40.2732,,272.05545291666664,-25.361187
MOA-2009-BLG-322,MOA-2,gb1,3,+17:44:24.4958,-34:08:44.0376,,266.1020658333333,-34.145566
MOA-2009-BLG-323,MOA-2,gb5,3,+17:53:53.3575,-29:04:33.5712,,268.4723229166666,-29.075992
MOA-2009-BLG-324,MOA-2,gb5,3,+17:52:08.4079,-29:12:43.0884,,268.03503291666664,-29.211969
MOA-2009-BLG-325,MOA-2,gb13,5,+18:05:43.3639,-29:49:57.1692,,271.4306829166666,-29.832546999999998
MOA-2009-BLG-326,MOA-2,gb17,10,+18:12:40.3519,-26:51:14.5584,,273.16813291666665,-26.854044000000002
MOA-2009-BLG-327,MOA-2,gb5,4,+17:52:50.2106,-29:40:45.1632,,268.20921083333326,-29.679212
MOA-2009-BLG-328,MOA-2,gb9,7,+18:02:33.2474,-29:35:57.9228,,270.63853083333333,-29.599422999999998
MOA-2009-BLG-329,MOA-2,gb3,5,+17:52:17.4523,-33:22:09.2676,,268.0727179166666,-33.369241
MOA-2009-BLG-330,MOA-2,gb10,7,+18:00:29.4266,-27:57:30.4308,unknown,270.12261083333334,-27.958453
MOA-2009-BLG-331,MOA-2,gb15,8,+18:07:25.7575,-25:38:19.2624,,271.85732291666665,-25.638683999999998
MOA-2009-BLG-332,MOA-2,gb3,3,+17:52:44.8860,-32:51:37.4112,,268.187025,-32.860392000000004
MOA-2009-BLG-333,MOA-2,gb15,5,+18:03:26.1478,-26:19:04.9080,,270.85894916666666,-26.31803
MOA-2009-BLG-334,MOA-2,gb9,5,+17:59:06.8683,-29:55:48.8208,,269.77861791666663,-29.930228
MOA-2009-BLG-335,MOA-2,gb10,7,+18:00:31.9867,-27:59:07.3104,,270.13327791666666,-27.985364
MOA-2009-BLG-336,MOA-2,gb10,5,+17:57:56.9916,-28:12:16.0884,,269.48746499999993,-28.204469
MOA-2009-BLG-337,MOA-2,gb14,3,+18:05:07.6862,-27:30:07.2900,,271.2820258333333,-27.502025
MOA-2009-BLG-338,MOA-2,gb3,8,+17:55:39.6538,-32:47:46.8672,,268.91522416666663,-32.796352
MOA-2009-BLG-339,MOA-2,gb20,7,+18:19:09.8638,-24:06:12.0528,CV,274.7910991666666,-24.103348
MOA-2009-BLG-340,MOA-2,gb1,3,+17:46:43.9214,-34:06:00.9216,,266.6830058333333,-34.100256
MOA-2009-BLG-341,MOA-2,gb18,2,+18:09:47.4132,-25:19:49.0008,,272.44755499999997,-25.330278
MOA-2009-BLG-342,MOA-2,gb7,5,+17:59:00.7675,-33:31:27.6600,,269.75319791666664,-33.52435
MOA-2009-BLG-343,MOA-2,gb18,4,+18:11:18.4627,-26:06:19.4220,,272.82692791666665,-26.105395
MOA-2009-BLG-344,MOA-2,gb19,5,+18:16:45.9792,-26:12:57.1248,,274.19157999999993,-26.215868
MOA-2009-BLG-345,MOA-2,gb8,6,+18:00:58.4426,-31:35:57.8904,,270.2435108333333,-31.599414
MOA-2009-BLG-346,MOA-2,gb19,7,+18:18:10.0930,-25:46:12.0432,,274.5420541666667,-25.770011999999998
MOA-2009-BLG-347,MOA-2,gb3,3,+17:53:51.2376,-32:48:58.3272,,268.46349,-32.816202
MOA-2009-BLG-348,MOA-2,gb5,10,+17:54:51.3948,-28:34:56.3412,,268.714145,-28.582317
MOA-2009-BLG-349,MOA-2,gb10,4,+17:58:36.6962,-27:43:34.0896,,269.6529008333333,-27.726135999999997
MOA-2009-BLG-350,MOA-2,gb18,5,+18:10:51.1723,-26:26:00.5892,,272.7132179166667,-26.433497
MOA-2009-BLG-351,MOA-2,gb20,2,+18:15:37.8410,-23:18:44.4888,,273.9076708333333,-23.312358
MOA-2009-BLG-352,MOA-2,gb17,4,+18:09:15.3396,-27:42:05.3388,,272.31391499999995,-27.701483
MOA-2009-BLG-353,MOA-2,gb5,4,+17:52:09.0269,-29:26:24.1692,,268.03761208333333,-29.440047
MOA-2009-BLG-354,MOA-2,gb4,8,+17:55:01.9538,-30:52:22.1160,,268.7581408333333,-30.87281
MOA-2009-BLG-355,MOA-2,gb4,8,+17:54:08.4005,-31:08:03.5340,,268.53500208333327,-31.134315
MOA-2009-BLG-356,MOA-2,gb2,4,+17:51:34.3961,-34:49:22.0080,,267.89331708333333,-34.82278
MOA-2009-BLG-357,MOA-2,gb20,7,+18:19:42.5448,-24:12:08.4348,,274.92726999999996,-24.202343
MOA-2009-BLG-358,MOA-2,gb8,4,+17:57:36.3722,-31:17:30.1308,,269.4015508333333,-31.291703000000002
MOA-2009-BLG-359,MOA-2,gb14,7,+18:07:55.1681,-27:46:45.8040,,271.9798670833333,-27.77939
MOA-2009-BLG-360,MOA-2,gb14,7,+18:08:13.7726,-27:51:09.3348,,272.0573858333333,-27.852593000000002
MOA-2009-BLG-361,MOA-2,gb14,9,+18:07:41.3568,-27:07:54.6348,,271.92231999999996,-27.131843
MOA-2009-BLG-362,MOA-2,gb21,2,+18:16:56.8478,-21:35:56.8140,,274.2368658333333,-21.599114999999998
MOA-2009-BLG-363,MOA-2,gb7,4,+17:57:54.2218,-32:58:45.4188,,269.47592416666663,-32.979283
MOA-2009-BLG-364,MOA-2,gb9,1,+17:58:05.8956,-28:37:05.6532,,269.52456499999994,-28.618237
MOA-2009-BLG-365,MOA-2,gb8,2,+17:58:47.3196,-30:42:54.4176,,269.6971649999999,-30.715116
MOA-2009-BLG-366,MOA-2,gb9,3,+17:59:19.4767,-29:05:47.7492,,269.83115291666667,-29.096597
MOA-2009-BLG-367,MOA-2,gb21,5,+18:17:08.9923,-22:50:18.8556,,274.2874679166666,-22.838570999999998
MOA-2009-BLG-368,MOA-2,gb13,4,+18:03:25.6594,-29:30:18.7920,,270.8569141666667,-29.50522
MOA-2009-BLG-369,MOA-2,gb16,5,+18:10:02.6635,-29:50:33.9540,,272.51109791666664,-29.842765
MOA-2009-BLG-370,MOA-2,gb17,8,+18:12:11.6515,-27:32:56.7096,,273.0485479166666,-27.549086000000003
MOA-2009-BLG-371,MOA-2,gb5,6,+17:55:22.4640,-29:56:23.5572,,268.8436,-29.939877
MOA-2009-BLG-372,MOA-2,gb1,8,+17:50:00.1920,-34:08:05.3412,,267.50079999999997,-34.134817
MOA-2009-BLG-373,MOA-2,gb7,10,+18:01:25.8012,-32:02:29.2740,,270.35750499999995,-32.041464999999995
MOA-2009-BLG-374,MOA-2,gb8,10,+18:00:10.5439,-30:10:20.8920,,270.0439329166666,-30.17247
MOA-2009-BLG-375,MOA-2,gb1,5,+17:45:59.9050,-34:47:29.7600,,266.49960416666664,-34.791599999999995
MOA-2009-BLG-376,MOA-2,gb4,5,+17:52:27.2863,-31:39:26.6976,,268.11369291666665,-31.657415999999998
MOA-2009-BLG-377,MOA-2,gb10,8,+18:00:37.1138,-27:25:13.7064,,270.1546408333333,-27.420474000000002
MOA-2009-BLG-378,MOA-2,gb4,9,+17:57:07.1035,-30:42:02.1600,,269.27959791666666,-30.700599999999998
MOA-2009-BLG-379,MOA-2,gb8,2,+17:57:07.0382,-30:42:02.1600,,269.2793258333333,-30.700599999999998
MOA-2009-BLG-380,MOA-2,gb9,6,+18:01:07.7429,-30:03:43.0848,,270.28226208333325,-30.061968
MOA-2009-BLG-381,MOA-2,gb13,2,+18:04:06.5786,-29:02:58.6536,,271.0274108333333,-29.049626
MOA-2009-BLG-382,MOA-2,gb14,9,+18:07:33.8794,-27:04:36.1344,,271.8911641666666,-27.076704
MOA-2009-BLG-383,MOA-2,gb5,9,+17:54:04.6438,-28:46:23.9772,,268.5193491666666,-28.773327
MOA-2009-BLG-384,MOA-2,gb9,10,+18:01:58.6445,-28:32:33.3744,,270.49435208333324,-28.542604
MOA-2009-BLG-385,MOA-2,gb4,5,+17:51:09.0718,-31:49:18.6708,,267.7877991666667,-31.821853
MOA-2009-BLG-386,MOA-2,gb5,8,+17:55:08.1336,-29:15:11.9484,,268.78389,-29.253319
MOA-2009-BLG-387,MOA-2,gb2,2,+17:53:50.7898,-33:59:25.1952,,268.4616241666666,-33.990332
MOA-2009-BLG-388,MOA-2,gb2,9,+17:56:10.2475,-34:11:19.3848,,269.0426979166666,-34.188717999999994
MOA-2009-BLG-389,MOA-2,gb14,2,+18:05:18.0763,-27:01:48.4176,,271.3253179166666,-27.030116
MOA-2009-BLG-390,MOA-2,gb9,3,+17:59:00.3744,-29:22:51.8304,,269.75156,-29.381064000000002
MOA-2009-BLG-391,MOA-2,gb14,9,+18:08:52.3178,-27:08:23.6040,,272.21799083333326,-27.13989
MOA-2009-BLG-392,MOA-2,gb3,6,+17:54:45.0466,-33:18:27.6408,,268.68769416666663,-33.307677999999996
MOA-2009-BLG-393,MOA-2,gb5,10,+17:56:49.0070,-28:28:00.9588,,269.2041958333333,-28.466932999999997
MOA-2009-BLG-394,MOA-2,gb14,9,+18:07:31.4405,-27:01:58.4292,,271.88100208333327,-27.032897
MOA-2009-BLG-395,MOA-2,gb9,5,+17:57:48.9895,-30:02:16.1484,,269.4541229166666,-30.037819000000002
MOA-2009-BLG-396,MOA-2,gb1,9,+17:49:39.4397,-33:57:56.1492,,267.4143320833333,-33.965597
MOA-2009-BLG-397,MOA-2,gb16,2,+18:09:46.5235,-28:55:41.1204,,272.4438479166666,-28.928089
MOA-2009-BLG-398,MOA-2,gb11,5,+18:03:34.0402,-33:25:04.2852,,270.8918341666666,-33.417857
MOA-2009-BLG-399,MOA-2,gb8,7,+18:00:24.4577,-31:27:18.4932,,270.1019070833333,-31.455137
MOA-2009-BLG-400,MOA-2,gb1,6,+17:49:31.0860,-34:48:47.9160,,267.379525,-34.813309999999994
MOA-2009-BLG-401,MOA-2,gb17,10,+18:14:30.0180,-26:56:21.7752,,273.625075,-26.939382000000002
MOA-2009-BLG-402,MOA-2,gb17,2,+18:11:21.5376,-26:58:33.2076,,272.83974,-26.975890999999997
MOA-2009-BLG-403,MOA-2,gb17,7,+18:14:36.0610,-27:57:00.9864,,273.6502541666666,-27.950274
MOA-2009-BLG-404,MOA-2,gb4,5,+17:53:29.2346,-31:47:26.1420,,268.3718108333333,-31.790595000000003
MOA-2009-BLG-405,MOA-2,gb5,9,+17:55:48.7949,-28:45:29.3976,,268.95331208333334,-28.758166
MOA-2009-BLG-406,MOA-2,gb9,1,+17:59:17.6086,-28:26:35.5236,,269.8233691666666,-28.443201000000002
MOA-2009-BLG-407,MOA-2,gb9,4,+17:57:17.3609,-29:31:20.4528,,269.3223370833333,-29.522347999999997
MOA-2009-BLG-408,MOA-2,gb4,9,+17:57:08.0074,-30:44:18.4128,,269.2833641666666,-30.738448
MOA-2009-BLG-409,MOA-2,gb8,2,+17:57:07.9558,-30:44:18.6612,,269.28314916666665,-30.738517
MOA-2009-BLG-410,MOA-2,gb19,8,+18:19:42.6312,-25:25:46.5096,,274.92762999999997,-25.429586
MOA-2009-BLG-411,MOA-2,gb5,4,+17:53:58.3994,-29:44:56.0112,,268.4933308333333,-29.748892
MOA-2009-BLG-412,MOA-2,gb10,4,+17:58:50.0285,-27:45:10.2888,,269.7084520833333,-27.752858
MOA-2009-BLG-413,MOA-2,gb2,7,+17:54:34.3423,-35:00:17.5104,,268.64309291666666,-35.004864
MOA-2009-BLG-414,MOA-2,gb5,3,+17:50:58.5322,-29:22:50.8440,,267.74388416666665,-29.38079
MOA-2009-BLG-415,MOA-2,gb7,4,+17:58:08.7466,-32:56:33.4536,,269.5364441666666,-32.942626
MOA-2009-BLG-416,MOA-2,gb17,7,+18:13:48.2198,-27:57:23.5260,,273.4509158333332,-27.956535
MOA-2009-BLG-417,MOA-2,gb10,1,+17:58:56.7007,-26:52:57.8460,,269.7362529166666,-26.882735
MOA-2009-BLG-418,MOA-2,gb13,2,+18:03:08.4703,-28:58:39.8928,,270.7852929166666,-28.977748
MOA-2009-BLG-419,MOA-2,gb16,3,+18:11:31.2878,-29:08:24.1152,,272.8803658333333,-29.140031999999998
MOA-2009-BLG-420,MOA-2,gb1,2,+17:45:09.0082,-33:48:23.8680,,266.28753416666666,-33.80663
MOA-2009-BLG-421,MOA-2,gb9,2,+17:57:31.7950,-28:56:12.4224,,269.38247916666666,-28.936784
MOA-2009-BLG-422,MOA-2,gb3,7,+17:57:10.4897,-33:12:26.0712,,269.2937070833333,-33.207242
MOA-2009-BLG-423,MOA-2,gb9,2,+17:58:38.1773,-28:54:24.3756,,269.6590720833333,-28.906771
MOA-2009-BLG-424,MOA-2,gb14,10,+18:08:16.3301,-26:50:54.3804,,272.0680420833333,-26.848439
MOA-2009-BLG-425,MOA-2,gb3,7,+17:55:23.1283,-33:06:22.2120,,268.8463679166667,-33.10617
MOA-2009-BLG-426,MOA-2,gb5,8,+17:54:04.8624,-29:08:14.1252,,268.52025999999995,-29.137256999999998
MOA-2009-BLG-427,MOA-2,gb9,3,+17:57:44.6897,-29:04:43.4964,,269.43620708333333,-29.078749
MOA-2009-BLG-428,MOA-2,gb9,6,+18:00:14.2603,-30:03:38.5308,,270.05941791666663,-30.060703
MOA-2009-BLG-429,MOA-2,gb10,5,+17:58:45.7387,-28:20:23.3052,,269.6905779166666,-28.339807
MOA-2009-BLG-430,MOA-2,gb17,7,+18:14:41.8639,-27:42:18.8100,,273.6744329166666,-27.705225
MOA-2009-BLG-431,MOA-2,gb16,4,+18:11:34.0970,-29:35:29.3820,,272.8920708333333,-29.591495
MOA-2009-BLG-432,MOA-2,gb5,8,+17:56:35.6275,-29:20:47.7744,,269.1484479166666,-29.346604
MOA-2009-BLG-433,MOA-2,gb7,1,+17:57:38.5553,-31:53:55.4820,,269.4106470833333,-31.898744999999998
MOA-2009-BLG-434,MOA-2,gb11,2,+18:04:19.5149,-32:13:32.0304,,271.0813120833333,-32.225564
MOA-2009-BLG-435,MOA-2,gb8,1,+17:57:52.9908,-30:14:12.4224,CV,269.47079499999995,-30.236784
MOA-2009-BLG-436,MOA-2,gb5,3,+17:53:55.0207,-29:05:52.5192,,268.47925291666667,-29.097922
MOA-2009-BLG-437,MOA-2,gb9,4,+17:58:44.8906,-29:29:09.7656,,269.6870441666666,-29.486046
MOA-2009-BLG-438,MOA-2,gb12,10,+18:06:42.8870,-30:23:43.2564,,271.67869583333334,-30.395349
MOA-2009-BLG-439,MOA-2,gb7,9,+18:02:10.7858,-32:16:50.7360,,270.5449408333333,-32.28076
MOA-2009-BLG-440,MOA-2,gb1,9,+17:47:43.9625,-34:00:42.6816,,266.9331770833333,-34.011856
MOA-2009-BLG-441,MOA-2,gb3,6,+17:55:29.6299,-33:24:55.0152,,268.8734579166666,-33.415282
MOA-2009-BLG-442,MOA-2,gb14,2,+18:04:51.6204,-27:18:03.9564,,271.21508499999993,-27.301099
MOA-2009-BLG-443,MOA-2,gb3,8,+17:55:56.5123,-32:44:36.1428,,268.98546791666666,-32.743373
MOA-2009-BLG-444,MOA-2,gb13,7,+18:08:20.4218,-29:39:04.7916,,272.0850908333333,-29.651331
MOA-2009-BLG-445,MOA-2,gb4,10,+17:56:36.7198,-30:13:47.8776,,269.15299916666663,-30.229965999999997
MOA-2009-BLG-446,MOA-2,gb5,2,+17:53:57.6826,-28:43:37.3188,,268.4903441666666,-28.727033
MOA-2009-BLG-447,MOA-2,gb5,7,+17:56:05.0546,-29:34:45.0408,,269.0210608333333,-29.579178
MOA-2009-BLG-448,MOA-2,gb14,6,+18:06:47.9448,-28:20:54.3732,CV,271.69977,-28.348437
MOA-2009-BLG-449,MOA-2,gb5,7,+17:56:49.2055,-29:41:11.4612,,269.2050229166667,-29.686517
MOA-2009-BLG-450,MOA-2,gb5,7,+17:55:16.8890,-29:25:48.3276,,268.82037083333336,-29.430091
MOA-2009-BLG-451,MOA-2,gb5,3,+17:53:58.5818,-29:14:47.8932,,268.4940908333333,-29.246637
MOA-2009-BLG-452,MOA-2,gb19,3,+18:15:50.8207,-25:19:54.6600,,273.9617529166667,-25.33185
MOA-2009-BLG-453,MOA-2,gb14,1,+18:05:30.0581,-26:55:33.6180,,271.37524208333326,-26.926005
MOA-2009-BLG-454,MOA-2,gb18,9,+18:14:43.4009,-25:22:39.1332,,273.6808370833333,-25.377537
MOA-2009-BLG-455,MOA-2,gb14,9,+18:08:59.2800,-27:08:36.3012,,272.24699999999996,-27.143417
MOA-2009-BLG-456,MOA-2,gb1,8,+17:48:56.3954,-34:13:29.6976,,267.2349808333333,-34.224916
MOA-2009-BLG-457,MOA-2,gb10,5,+17:57:09.6394,-28:13:13.1304,,269.2901641666666,-28.220314
MOA-2009-BLG-458,MOA-2,gb14,3,+18:04:08.6124,-27:39:10.1700,,271.03588499999995,-27.652825
MOA-2009-BLG-459,MOA-2,gb15,10,+18:08:00.1164,-25:08:12.2028,,272.00048499999997,-25.136723
MOA-2009-BLG-460,MOA-2,gb17,3,+18:09:25.0841,-27:32:14.3052,,272.35451708333323,-27.537307000000002
MOA-2009-BLG-461,MOA-2,gb4,4,+17:53:22.6918,-31:27:36.3204,,268.34454916666664,-31.460089
MOA-2009-BLG-462,MOA-2,gb4,8,+17:54:23.8922,-30:58:26.3208,,268.5995508333333,-30.973978
MOA-2009-BLG-463,MOA-2,gb5,2,+17:51:25.7434,-28:57:22.5396,,267.85726416666665,-28.956260999999998
MOA-2009-BLG-464,MOA-2,gb9,2,+17:58:51.1054,-28:54:25.9128,,269.7129391666666,-28.907197999999998
MOA-2009-BLG-465,MOA-2,gb9,8,+18:00:31.9512,-29:17:16.4760,,270.13312999999994,-29.28791
MOA-2009-BLG-466,MOA-2,gb4,5,+17:53:13.4729,-31:40:11.9352,,268.3061370833333,-31.669982
MOA-2009-BLG-467,MOA-2,gb14,4,+18:04:12.9809,-27:59:26.9736,,271.0540870833333,-27.990826000000002
MOA-2009-BLG-468,MOA-2,gb15,8,+18:06:55.9975,-25:38:14.0244,,271.7333229166666,-25.637228999999998
MOA-2009-BLG-469,MOA-2,gb15,8,+18:07:07.1753,-25:43:38.7876,,271.7798970833333,-25.727441
MOA-2009-BLG-470,MOA-2,gb19,5,+18:16:18.4766,-26:03:21.9276,,274.0769858333333,-26.056091000000002
MOA-2009-BLG-471,MOA-2,gb21,6,+18:19:43.7261,-22:39:52.3548,,274.9321920833333,-22.664543
MOA-2009-BLG-472,MOA-2,gb5,9,+17:54:57.8558,-28:53:19.4064,,268.7410658333333,-28.888724
MOA-2009-BLG-473,MOA-2,gb4,2,+17:53:36.9518,-30:30:14.9256,,268.4039658333333,-30.504146
MOA-2009-BLG-474,MOA-2,gb2,1,+17:53:01.6980,-33:53:08.2644,,268.25707499999993,-33.885629
MOA-2009-BLG-475,MOA-2,gb10,8,+18:02:27.4594,-27:26:49.4304,,270.6144141666667,-27.447064
MOA-2009-BLG-476,MOA-2,gb12,6,+18:06:42.2261,-31:32:02.4360,,271.6759420833333,-31.534010000000002
MOA-2009-BLG-477,MOA-2,gb19,3,+18:15:24.8921,-25:38:02.4684,,273.85371708333327,-25.634019
MOA-2009-BLG-478,MOA-2,gb2,10,+17:57:14.8013,-33:54:13.0248,,269.3116720833333,-33.903618
MOA-2009-BLG-479,MOA-2,gb5,3,+17:52:57.7022,-29:20:47.4288,,268.2404258333333,-29.346508
MOA-2009-BLG-480,MOA-2,gb5,4,+17:51:54.7836,-29:28:43.4820,,267.978265,-29.478745
MOA-2009-BLG-481,MOA-2,gb4,7,+17:56:00.2582,-31:20:10.9104,,269.00107583333335,-31.336364
MOA-2009-BLG-482,MOA-2,gb10,2,+17:57:25.3202,-27:00:12.2040,,269.3555008333333,-27.00339
MOA-2009-BLG-483,MOA-2,gb14,3,+18:03:45.6199,-27:26:24.2124,,270.94008291666665,-27.440059
MOA-2009-BLG-484,MOA-2,gb14,7,+18:08:07.7366,-27:57:31.1796,,272.0322358333333,-27.958661
MOA-2009-BLG-485,MOA-2,gb5,2,+17:53:55.7906,-28:53:14.3484,,268.4824608333333,-28.887318999999998
MOA-2009-BLG-486,MOA-2,gb5,2,+17:52:50.8464,-29:03:19.5264,,268.21185999999994,-29.055424000000002
MOA-2009-BLG-487,MOA-2,gb8,10,+18:02:24.7133,-30:25:00.3900,,270.6029720833333,-30.416775
MOA-2009-BLG-488,MOA-2,gb9,1,+17:58:13.5264,-28:40:38.8272,,269.5563599999999,-28.677452000000002
MOA-2009-BLG-489,MOA-2,gb9,1,+17:57:46.6716,-28:38:56.8716,,269.4444649999999,-28.649131
MOA-2009-BLG-490,MOA-2,gb14,8,+18:06:50.9748,-27:26:15.0612,,271.712395,-27.437517
MOA-2009-BLG-491,MOA-2,gb16,3,+18:10:09.2858,-29:16:23.8116,,272.5386908333333,-29.273281
MOA-2009-BLG-492,MOA-2,gb4,2,+17:52:50.7324,-30:29:53.1924,,268.211385,-30.498109
MOA-2009-BLG-493,MOA-2,gb5,9,+17:55:46.1321,-28:48:25.5024,,268.9422170833333,-28.807084
MOA-2009-BLG-494,MOA-2,gb13,4,+18:04:01.5377,-29:33:53.0856,,271.0064070833333,-29.564746
MOA-2009-BLG-495,MOA-2,gb18,6,+18:12:59.8680,-26:34:39.4284,,273.24944999999997,-26.577619
MOA-2009-BLG-496,MOA-2,gb19,10,+18:19:51.4435,-24:38:22.8336,,274.96434791666667,-24.639675999999998
MOA-2009-BLG-497,MOA-2,gb5,7,+17:55:13.7921,-29:36:17.2260,,268.8074670833333,-29.604785
MOA-2009-BLG-498,MOA-2,gb9,9,+18:00:47.6726,-28:50:54.2040,,270.1986358333333,-28.84839
MOA-2009-BLG-499,MOA-2,gb7,1,+17:59:03.5676,-31:54:42.0732,,269.764865,-31.911686999999997
MOA-2009-BLG-500,MOA-2,gb9,7,+18:03:02.8692,-29:37:51.2508,,270.76195499999994,-29.630903
MOA-2009-BLG-501,MOA-2,gb17,7,+18:12:55.7854,-27:47:52.0764,,273.23243916666667,-27.797799
MOA-2009-BLG-502,MOA-2,gb5,8,+17:56:20.3474,-29:11:21.6024,,269.0847808333333,-29.189334
MOA-2009-BLG-503,MOA-2,gb14,5,+18:04:26.7317,-28:08:09.3768,,271.1113820833333,-28.135938
MOA-2009-BLG-504,MOA-2,gb16,5,+18:11:26.3926,-29:56:18.4776,,272.85996916666664,-29.938466000000002
MOA-2009-BLG-505,MOA-2,gb2,5,+17:51:36.6259,-35:06:30.1500,,267.9026079166666,-35.108375
MOA-2009-BLG-506,MOA-2,gb5,8,+17:55:47.7024,-29:23:10.1652,,268.94876,-29.386157
MOA-2009-BLG-507,MOA-2,gb5,4,+17:52:24.0511,-29:27:12.9708,,268.10021291666664,-29.453602999999998
MOA-2009-BLG-508,MOA-2,gb5,9,+17:54:53.5070,-28:54:20.0700,,268.72294583333326,-28.905575
MOA-2009-BLG-509,MOA-2,gb3,8,+17:54:49.1441,-32:45:42.4728,,268.7047670833333,-32.761798
MOA-2009-BLG-510,MOA-2,gb9,7,+18:02:10.6387,-29:39:20.0052,,270.54432791666665,-29.655556999999998
MOA-2009-BLG-511,MOA-2,gb1,2,+17:45:39.9595,-34:02:55.7880,,266.4164979166667,-34.048829999999995
MOA-2009-BLG-512,MOA-2,gb8,9,+18:02:04.5166,-30:30:54.3600,,270.5188191666667,-30.5151
MOA-2009-BLG-513,MOA-2,gb9,2,+17:58:12.0211,-28:45:06.9156,,269.5500879166666,-28.751921
MOA-2009-BLG-514,MOA-2,gb5,4,+17:52:21.3686,-29:34:36.7428,,268.0890358333333,-29.576873
MOA-2009-BLG-515,MOA-2,gb9,1,+17:57:15.7006,-28:33:11.2356,,269.31541916666663,-28.553121
MOA-2009-BLG-516,MOA-2,gb9,1,+17:57:54.3696,-28:36:40.4208,,269.47653999999994,-28.611228
MOA-2009-BLG-517,MOA-2,gb10,8,+18:02:36.3667,-27:23:24.7704,,270.6515279166666,-27.390214
MOA-2009-BLG-518,MOA-2,gb4,10,+17:57:04.3291,-30:07:54.8364,,269.26803791666663,-30.131899
MOA-2009-BLG-519,MOA-2,gb4,6,+17:54:09.0617,-31:43:40.6920,,268.53775708333325,-31.72797
MOA-2009-BLG-520,MOA-2,gb13,5,+18:03:31.2456,-29:53:51.1512,,270.88018999999997,-29.897541999999998
MOA-2009-BLG-521,MOA-2,gb2,4,+17:52:37.2182,-34:44:19.2516,,268.15507583333334,-34.738681
MOA-2009-BLG-522,MOA-2,gb8,9,+18:03:04.5353,-30:46:07.2156,,270.7688970833333,-30.768670999999998
MOA-2009-BLG-523,MOA-2,gb9,4,+17:58:21.4961,-29:38:19.1940,,269.5895670833333,-29.638665
MOA-2009-BLG-524,MOA-2,gb9,3,+17:57:57.1922,-29:13:53.6088,,269.4883008333333,-29.231558
MOA-2009-BLG-525,MOA-2,gb9,3,+17:59:37.3030,-29:19:14.7360,,269.90542916666664,-29.32076
MOA-2009-BLG-526,MOA-2,gb8,1,+17:57:04.0301,-30:07:54.9192,,269.26679208333326,-30.131922
MOA-2009-BLG-527,MOA-2,gb13,6,+18:07:16.7702,-29:53:13.6752,,271.8198758333333,-29.887132
MOA-2009-BLG-528,MOA-2,gb14,5,+18:03:48.5278,-28:11:44.6676,,270.9521991666667,-28.195741
MOA-2009-BLG-529,MOA-2,gb14,9,+18:07:31.1280,-26:59:28.0032,,271.87969999999996,-26.991112
MOA-2009-BLG-530,MOA-2,gb9,3,+17:57:27.2131,-29:10:57.5292,,269.3633879166666,-29.182647000000003
MOA-2009-BLG-531,MOA-2,gb13,1,+18:05:15.3902,-28:25:49.8936,,271.3141258333333,-28.430526
MOA-2009-BLG-532,MOA-2,gb7,2,+17:57:10.4784,-32:22:23.7216,,269.29365999999993,-32.373256
MOA-2009-BLG-533,MOA-2,gb7,4,+17:58:02.3772,-33:04:18.2280,,269.50990499999995,-33.07173
MOA-2009-BLG-534,MOA-2,gb5,2,+17:53:22.5014,-28:53:42.0756,,268.3437558333333,-28.895021
MOA-2009-BLG-535,MOA-2,gb5,7,+17:56:51.8539,-29:27:08.6724,,269.21605791666667,-29.452409
MOA-2009-BLG-536,MOA-2,gb4,5,+17:53:50.4415,-31:32:52.2636,,268.46017291666664,-31.547851
MOA-2009-BLG-537,MOA-2,gb10,7,+18:01:05.2250,-27:58:35.1048,,270.2717708333333,-27.976418
MOA-2009-BLG-538,MOA-2,gb8,10,+18:02:58.8312,-30:09:38.2644,,270.74513,-30.160629
MOA-2009-BLG-539,MOA-2,gb5,8,+17:54:44.0858,-29:18:17.0748,,268.6836908333333,-29.304743000000002
MOA-2009-BLG-540,MOA-2,gb14,8,+18:06:16.4762,-27:29:25.6488,,271.5686508333333,-27.490458
MOA-2009-BLG-541,MOA-2,gb13,5,+18:03:59.3263,-30:01:51.4812,,270.9971929166667,-30.030967
MOA-2009-BLG-542,MOA-2,gb18,4,+18:11:17.6810,-26:06:09.6552,,272.8236708333333,-26.102682
MOA-2009-BLG-543,MOA-2,gb2,3,+17:52:37.8266,-34:31:13.7064,,268.1576108333333,-34.520474
MOA-2009-BLG-544,MOA-2,gb4,4,+17:52:29.2380,-31:16:12.9360,,268.121825,-31.27026
MOA-2009-BLG-545,MOA-2,gb4,8,+17:55:35.8390,-31:06:20.0916,,268.89932916666663,-31.105581
MOA-2009-BLG-546,MOA-2,gb7,8,+18:01:17.5039,-32:45:22.3056,,270.3229329166666,-32.756196
MOA-2009-BLG-547,MOA-2,gb8,2,+17:57:16.2370,-30:33:48.7188,,269.31765416666667,-30.563533
MOA-2009-BLG-548,MOA-2,gb8,7,+18:00:42.6005,-31:11:45.7440,,270.1775020833333,-31.19604
MOA-2009-BLG-549,MOA-2,gb14,8,+18:07:36.1586,-27:33:46.9944,,271.90066083333335,-27.563054
MOA-2009-BLG-550,MOA-2,gb14,1,+18:03:23.4192,-26:46:27.3396,unknown,270.84758,-26.774261
MOA-2009-BLG-551,MOA-2,gb4,10,+17:55:32.6347,-30:22:15.0996,,268.88597791666666,-30.370861
MOA-2009-BLG-552,MOA-2,gb8,6,+18:02:01.4390,-31:33:48.0060,,270.5059958333333,-31.563335000000002
MOA-2009-BLG-553,MOA-2,gb14,4,+18:05:10.9015,-27:42:51.2424,,271.2954229166666,-27.714233999999998
MOA-2009-BLG-554,MOA-2,gb3,9,+17:57:10.4950,-32:22:23.7000,,269.2937291666666,-32.37325
MOA-2009-BLG-555,MOA-2,gb5,8,+17:56:35.3542,-29:23:45.6180,,269.1473091666666,-29.396005
MOA-2009-BLG-556,MOA-2,gb14,3,+18:04:12.1037,-27:22:10.4196,,271.0504320833333,-27.369561
MOA-2009-BLG-557,MOA-2,gb10,5,+17:59:06.9811,-28:15:22.0572,,269.77908791666664,-28.256127
MOA-2009-BLG-558,MOA-2,gb14,8,+18:07:48.1781,-27:32:30.3468,,271.9507420833333,-27.541763000000003
MOA-2009-BLG-559,MOA-2,gb14,9,+18:06:45.6461,-27:17:27.6072,,271.6901920833333,-27.291002000000002
MOA-2009-BLG-560,MOA-2,gb2,7,+17:55:27.5822,-34:41:55.7448,,268.86492583333336,-34.698817999999996
MOA-2009-BLG-561,MOA-2,gb3,9,+17:55:33.0326,-32:23:37.5900,,268.8876358333333,-32.393775
MOA-2009-BLG-562,MOA-2,gb5,9,+17:56:49.6546,-28:54:49.3920,,269.20689416666664,-28.913719999999998
MOA-2009-BLG-563,MOA-2,gb9,10,+18:01:48.5026,-28:28:55.0128,,270.4520941666666,-28.481948
