Event,Field,Star No,RA (J2000),Dec (J2000),Tmax (HJD),Tmax (UT),tau,Umin,Amax,Dmag,fbl,Ibl,I0,RA_deg,Dec_deg
2007-LMC-001,LMC122.1,9564,5:07:03.71,-71:17:06.5,2454136.895,2007-02-05.39,36.514,0.089,11.251,2.628,0.515,18.212,18.933,76.76545833333331,-71.28513888888888
2007-BLG-001,BLG101.3,134224,17:53:47.21,-29:44:23.7,2454131.785,2007-01-31.29,22.438,1.261,1.204,0.202,1.0,15.366,15.366,268.4467083333333,-29.739916666666666
2007-BLG-002,BLG101.4,86870,17:54:06.64,-29:37:55.4,2454140.424,2007-02-08.92,212.665,0.075,13.420,2.819,0.239,18.364,19.916,268.5276666666666,-29.632055555555556
2007-BLG-003,BLG104.1,113712,17:59:43.42,-29:40:29.9,2454160.815,2007-03-01.31,26.170,0.163,6.193,1.980,1.0,19.113,19.113,269.9309166666667,-29.674972222222223
2007-BLG-004,BLG104.5,83593,17:58:39.75,-29:16:24.6,2454160.83,2007-03-01.33,13.168,1.373,1.166,0.167,1.0,16.668,16.668,269.665625,-29.2735
2007-BLG-005,BLG105.3,139075,18:02:04.61,-29:20:39.5,2454174.384,2007-03-14.88,82.457,0.117,8.558,2.331,0.515,19.165,19.885,270.5192083333333,-29.344305555555554
2007-BLG-006,BLG105.4,84575,18:02:52.50,-29:15:11.8,2454167.908,2007-03-08.41,-,-,-,-,1.0,19.1,19.1,270.71875,-29.25327777777778
2007-BLG-007,BLG129.8,40639,17:42:42.80,-34:26:27.2,2454159.82,2007-02-28.32,12.192,1.290,1.193,0.192,1.0,16.632,16.632,265.67833333333334,-34.440888888888885
2007-BLG-008,BLG130.5,5773,17:45:22.79,-34:02:40.3,2454198.004,2007-04-07.50,29.872,0.878,1.445,0.400,1.0,17.438,17.438,266.34495833333335,-34.04452777777777
2007-BLG-009,BLG139.2,136107,17:49:21.37,-33:38:24.2,2454168.755,2007-03-09.26,22.120,0.666,1.741,0.602,1.0,17.002,17.002,267.3390416666666,-33.640055555555556
2007-BLG-010,BLG155.1,1741,17:52:25.55,-32:42:59.8,2454162.49,2007-03-02.99,18.713,0.565,1.975,0.739,1.0,18.263,18.263,268.1064583333333,-32.71661111111111
2007-BLG-011,BLG171.2,98166,17:53:36.17,-31:17:05.0,2454147.96,2007-02-16.46,41.895,0.298,3.464,1.349,0.33,18.161,19.365,268.4007083333333,-31.284722222222225
2007-BLG-012,BLG171.6,62228,17:52:37.27,-31:11:35.7,2454142.975,2007-02-11.47,15.447,0.001,800.7,7.259,1.0,18.649,18.649,268.15529166666664,-31.19325
2007-BLG-013,BLG172.3,64828,17:56:15.07,-31:11:14.7,2454188.498,2007-03-29.00,124.033,0.005,196.4,5.733,0.05,16.888,20.136,269.0627916666666,-31.187416666666667
2007-BLG-014,BLG180.6,643,17:51:24.16,-30:37:32.3,2454176.576,2007-03-17.08,29.678,1.087,1.286,0.273,1.0,16.706,16.706,267.85066666666665,-30.62563888888889
2007-BLG-015,BLG181.2,72848,17:55:48.22,-30:45:48.3,2454140.784,2007-02-09.28,8.416,0.044,22.538,3.382,1.0,17.892,17.892,268.95091666666667,-30.763416666666668
2007-BLG-016,BLG184.8,122092,18:02:32.64,-30:49:13.6,2454179.953,2007-03-20.45,29.809,0.858,1.466,0.415,1.0,15.89,15.89,270.63599999999997,-30.820444444444444
2007-BLG-017,BLG194.8,15040,17:50:27.88,-29:40:40.5,2454176.214,2007-03-16.71,37.987,0.715,1.654,0.547,1.0,16.103,16.103,267.61616666666663,-29.67791666666667
2007-BLG-018,BLG195.6,137970,17:52:55.92,-29:05:43.5,2454159.594,2007-02-28.09,38.867,0.411,2.587,1.032,0.201,17.14,18.883,268.233,-29.095416666666665
2007-BLG-019,BLG195.7,145384,17:53:26.04,-29:15:47.0,2454101.276,2006-12-31.78,30.209,0.000,5515.1,9.354,1.0,14.332,14.332,268.35849999999994,-29.263055555555557
2007-BLG-020,BLG195.8,108293,17:53:24.43,-29:26:30.8,2454138.23,2007-02-06.73,34.316,0.668,1.736,0.599,1.0,14.799,14.799,268.35179166666666,-29.44188888888889
2007-BLG-021,BLG206.1,44148,17:59:56.18,-29:07:51.7,2454154.215,2007-02-22.71,44.814,0.000,1332529,15.312,0.962,16.315,16.356,269.98408333333333,-29.131027777777778
2007-BLG-022,BLG208.4,100763,18:05:22.84,-28:38:57.8,2454164.671,2007-03-05.17,25.142,0.651,1.771,0.621,0.45,16.866,17.732,271.3451666666666,-28.64938888888889
2007-BLG-023,BLG215.8,51776,17:58:54.69,-28:31:12.8,2454149.387,2007-02-17.89,22.039,1.247,1.210,0.207,1.0,16.551,16.551,269.7278749999999,-28.52022222222222
2007-BLG-024,BLG223.1,17805,17:59:59.20,-27:58:00.4,2454162.804,2007-03-03.30,13.085,0.723,1.641,0.538,1.0,17.967,17.967,269.99666666666667,-27.966777777777775
2007-BLG-025,BLG224.6,22116,18:01:14.54,-27:40:02.7,2454118.367,2007-01-17.87,32.366,0.001,1831.2,8.157,1.0,18.234,18.234,270.3105833333333,-27.667416666666668
2007-BLG-026,BLG224.8,79005,18:01:23.28,-27:57:22.7,2454163.314,2007-03-03.81,-,-,-,-,1.0,17.904,17.904,270.347,-27.956305555555556
2007-BLG-027,BLG102.3,118182,17:56:21.84,-29:25:12.1,2454158.308,2007-02-26.81,4.544,1.001,1.341,0.318,1.0,18.165,18.165,269.09099999999995,-29.42002777777778
2007-BLG-028,BLG140.7,107345,17:49:21.40,-33:38:24.8,2454168.847,2007-03-09.35,22.243,0.651,1.771,0.620,1.0,16.846,16.846,267.33916666666664,-33.64022222222222
2007-BLG-029,BLG149.7,79920,17:54:56.26,-33:07:43.8,2454158.301,2007-02-26.80,4.737,0.417,2.549,1.016,1.0,18.72,18.72,268.7344166666666,-33.12883333333333
2007-BLG-030,BLG156.5,141592,17:53:59.04,-32:09:48.7,2454173.54,2007-03-14.04,16.775,0.077,13.019,2.786,1.0,18.018,18.018,268.496,-32.16352777777777
2007-BLG-031,BLG164.2,51347,17:56:05.85,-31:56:48.8,2454161.716,2007-03-02.22,7.467,0.712,1.659,0.550,1.0,19.065,19.065,269.02437499999996,-31.94688888888889
2007-BLG-032,BLG164.7,28371,17:55:11.27,-31:57:06.3,2454163.76,2007-03-04.26,9.151,0.648,1.776,0.623,1.0,18.063,18.063,268.7969583333333,-31.95175
2007-BLG-033,BLG173.5,90906,17:58:00.44,-31:01:40.5,2454121.573,2007-01-21.07,57.420,1.637,1.106,0.109,1.0,16.439,16.439,269.5018333333333,-31.027916666666666
2007-BLG-034,BLG180.2,99535,17:52:48.33,-30:42:24.3,2454169.698,2007-03-10.20,10.041,0.414,2.569,1.024,1.0,16.09,16.09,268.201375,-30.70675
2007-BLG-035,BLG185.7,64170,18:05:34.71,-30:44:19.5,2454145.284,2007-02-13.78,1041.851,0.004,270.2,6.079,0.045,19.039,22.41,271.39462499999996,-30.73875
2007-BLG-036,BLG198.1,87459,18:10:25.85,-29:39:53.8,2454160.802,2007-03-01.30,48.336,0.368,2.855,1.139,1.0,18.358,18.358,272.60770833333333,-29.664944444444444
2007-BLG-037,BLG206.5,41578,17:59:46.49,-28:43:03.3,2454174.701,2007-03-15.20,99.183,0.228,4.462,1.624,0.125,18.392,20.647,269.9437083333333,-28.71758333333333
2007-BLG-038,BLG207.1,40760,18:03:43.23,-29:09:42.2,2454159.492,2007-02-27.99,6.700,0.550,2.019,0.763,1.0,18.464,18.464,270.930125,-29.16172222222222
2007-BLG-039,BLG223.5,60462,17:58:24.86,-27:29:39.8,2454158.974,2007-02-27.47,26.226,0.292,3.530,1.370,1.0,19.99,19.99,269.6035833333333,-27.49438888888889
2007-BLG-040,BLG225.4,139618,18:04:36.09,-27:25:42.1,2454309.952,2007-07-28.45,317.628,0.333,3.127,1.238,0.07,14.101,16.991,271.15037499999994,-27.428361111111112
2007-BLG-041,BLG225.4,175223,18:05:30.63,-27:24:43.5,2454167.917,2007-03-08.42,106.909,0.423,2.518,1.003,0.133,15.887,18.075,271.3776249999999,-27.41208333333333
2007-BLG-042,BLG226.7,104499,18:06:21.50,-27:45:51.6,2454151.808,2007-02-20.31,23.464,0.064,15.670,2.988,0.481,18.119,18.914,271.58958333333334,-27.764333333333333
2007-BLG-043,BLG227.1,81639,18:09:44.67,-27:54:11.0,2454179.891,2007-03-20.39,63.759,0.227,4.483,1.629,0.51,17.91,18.642,272.43612499999995,-27.903055555555554
2007-BLG-044,BLG227.2,136237,18:10:08.76,-27:42:42.7,2454124.948,2007-01-24.45,152.676,0.108,9.328,2.424,0.066,16.514,19.459,272.5365,-27.711861111111112
2007-BLG-045,BLG227.6,89322,18:08:47.71,-27:36:37.2,2454143.085,2007-02-11.59,11.638,0.540,2.049,0.779,1.0,16.591,16.591,272.1987916666666,-27.610333333333333
2007-BLG-046,BLG232.7,76716,17:58:58.91,-27:09:11.8,2454149.647,2007-02-18.15,7.394,0.000,8173.9,9.781,1.0,19.105,19.105,269.7454583333333,-27.153277777777777
2007-BLG-047,BLG242.2,108109,18:09:20.32,-26:33:45.9,2454149.287,2007-02-17.79,79.102,1.319,1.183,0.183,1.0,15.607,15.607,272.33466666666664,-26.56275
2007-BLG-048,BLG250.8,118089,18:08:23.79,-26:06:41.6,2454153.087,2007-02-21.59,12.737,0.610,1.860,0.674,1.0,15.686,15.686,272.09912499999996,-26.111555555555558
2007-BLG-049,BLG225.4,129095,18:05:38.87,-27:27:31.7,2454169.134,2007-03-09.63,13.965,0.423,2.518,1.003,0.453,17.504,18.365,271.4119583333333,-27.458805555555553
2007-BLG-050,BLG205.4,114301,17:58:19.39,-28:38:59.0,2454221.904,2007-05-01.40,52.593,0.003,326.3,6.284,1.0,17.76,17.76,269.5807916666666,-28.649722222222223
2007-BLG-051,BLG215.7,108301,17:58:56.51,-28:20:51.0,2454161.58,2007-03-02.08,4.018,1.666,1.101,0.105,1.0,16.293,16.293,269.73545833333327,-28.3475
2007-BLG-052,BLG216.2,180122,18:03:05.13,-28:19:02.3,2453903.857,2006-06-17.36,0.315,1.578,1.117,0.120,1.0,17.964,17.964,270.771375,-28.317305555555556
2007-BLG-053,BLG139.3,53551,17:48:40.32,-33:33:01.3,2454176.005,2007-03-16.50,34.060,1.488,1.136,0.139,1.0,17.806,17.806,267.16799999999995,-33.55036111111111
2007-BLG-054,BLG155.7,97707,17:51:47.70,-32:29:52.9,2454193.079,2007-04-02.58,21.844,0.140,7.187,2.141,1.0,16.737,16.737,267.94874999999996,-32.49802777777778
2007-BLG-055,BLG185.6,1687,18:04:40.88,-30:38:19.0,2454164.77,2007-03-05.27,6.918,0.637,1.800,0.638,1.0,18.659,18.659,271.1703333333333,-30.63861111111111
2007-BLG-056,BLG188.2,191707,18:00:08.74,-30:04:16.9,2454176.343,2007-03-16.84,21.103,0.696,1.685,0.567,1.0,18.199,18.199,270.03641666666664,-30.07136111111111
2007-BLG-057,BLG225.6,118769,18:04:17.05,-27:36:36.5,2454176.397,2007-03-16.90,90.039,0.017,57.931,4.407,0.274,18.966,20.37,271.07104166666664,-27.61013888888889
2007-BLG-058,BLG102.7,2539,17:55:01.64,-29:38:40.4,2454163.519,2007-03-04.02,8.952,0.322,3.224,1.271,1.0,18.854,18.854,268.7568333333333,-29.644555555555556
2007-BLG-059,BLG172.4,17779,17:56:04.29,-31:05:21.0,2454175.174,2007-03-15.67,7.693,0.700,1.679,0.562,1.0,17.322,17.322,269.017875,-31.089166666666664
2007-BLG-060,BLG163.4,93990,17:53:37.50,-31:35:04.6,2454167.401,2007-03-07.90,78.404,0.060,16.785,3.062,0.085,17.691,20.373,268.40625,-31.58461111111111
2007-BLG-061,BLG149.6,21787,17:54:24.39,-33:00:00.5,2454173.861,2007-03-14.36,20.783,0.000,51335,11.776,1.0,20.02,20.02,268.60162499999996,-33.00013888888889
2007-BLG-062,BLG172.4,1736,17:55:29.62,-31:03:58.5,2454175.198,2007-03-15.70,19.907,0.217,4.689,1.678,0.261,18.287,19.747,268.8734166666666,-31.06625
2007-BLG-063,BLG232.3,35161,18:00:04.46,-27:02:04.5,2454213.108,2007-04-22.61,71.707,0.154,6.541,2.039,0.463,18.502,19.338,270.0185833333333,-27.034583333333334
2007-BLG-064,BLG101.2,62086,17:55:01.10,-29:58:23.7,2454167.358,2007-03-07.86,5.000,0.696,1.685,0.567,1.0,18.609,18.609,268.75458333333336,-29.973249999999997
2007-BLG-065,BLG105.3,109087,18:02:29.41,-29:22:03.9,2454172.978,2007-03-13.48,8.419,0.234,4.365,1.600,1.0,18.998,18.998,270.6225416666667,-29.36775
2007-BLG-066,BLG122.6,153864,17:48:11.91,-34:38:57.0,2454164.728,2007-03-05.23,8.686,0.413,2.572,1.026,1.0,19.39,19.39,267.049625,-34.649166666666666
2007-BLG-067,BLG215.8,108144,17:58:52.99,-28:29:14.6,2454155.278,2007-02-23.78,49.390,0.116,8.687,2.347,0.473,18.933,19.746,269.7207916666666,-28.48738888888889
2007-BLG-068,BLG122.3,1734,17:49:28.15,-34:47:04.0,2454184.954,2007-03-25.45,54.260,0.892,1.431,0.389,1.0,18.236,18.236,267.36729166666663,-34.78444444444444
2007-BLG-069,BLG205.8,75647,17:56:12.30,-29:05:42.4,2454188.879,2007-03-29.38,-,-,-,-,1.0,18.14,18.14,269.05125,-29.09511111111111
2007-BLG-070,BLG180.4,168760,17:52:42.03,-30:21:26.0,2454173.522,2007-03-14.02,9.140,0.568,1.967,0.735,1.0,19.024,19.024,268.175125,-30.357222222222223
2007-BLG-071,BLG181.1,47648,17:56:30.04,-30:56:14.6,2454175.028,2007-03-15.53,14.773,0.111,9.080,2.395,0.567,18.908,19.524,269.12516666666664,-30.93738888888889
2007-BLG-072,BLG219.2,83904,18:11:09.27,-28:21:59.8,2454259.282,2007-06-07.78,87.306,1.773,1.085,0.089,1.0,14.293,14.293,272.78862499999997,-28.366611111111112
2007-BLG-073,BLG234.2,189016,18:06:13.55,-27:08:10.8,2454173.307,2007-03-13.81,6.400,0.271,3.795,1.448,1.0,17.842,17.842,271.5564583333333,-27.136333333333333
2007-BLG-074,BLG101.7,234394,17:53:24.12,-29:50:55.7,2454171.169,2007-03-11.67,9.139,0.711,1.660,0.550,1.0,18.583,18.583,268.35049999999995,-29.848805555555554
2007-BLG-075,BLG194.8,43098,17:50:12.64,-29:40:21.6,2454183.545,2007-03-24.05,12.238,1.274,1.199,0.197,1.0,16.984,16.984,267.55266666666665,-29.672666666666668
2007-BLG-076,BLG208.5,23324,18:04:19.44,-28:41:56.4,2454189.709,2007-03-30.21,51.723,0.073,13.772,2.848,0.304,18.81,20.102,271.08099999999996,-28.699
2007-BLG-077,BLG208.6,72425,18:04:18.65,-28:49:35.2,2454213.69,2007-04-23.19,138.920,0.162,6.226,1.985,0.575,19.515,20.116,271.0777083333333,-28.826444444444444
2007-BLG-078,BLG214.3,189273,17:58:29.16,-28:08:53.2,2454172.002,2007-03-12.50,29.291,0.067,14.992,2.940,0.312,19.161,20.427,269.6214999999999,-28.14811111111111
2007-BLG-079,BLG102.5,10594,17:55:11.67,-29:19:27.7,2454173.859,2007-03-14.36,6.588,0.419,2.543,1.014,1.0,18.892,18.892,268.798625,-29.32436111111111
2007-BLG-080,BLG155.2,125711,17:53:32.49,-32:28:20.7,2454211.006,2007-04-20.51,51.132,0.227,4.485,1.629,0.756,18.014,18.318,268.38537499999995,-32.47241666666667
2007-BLG-081,BLG173.8,83643,17:58:02.23,-31:29:07.1,2454174.248,2007-03-14.75,12.943,0.799,1.534,0.464,1.0,18.619,18.619,269.5092916666666,-31.485305555555556
2007-BLG-082,BLG219.8,92845,18:10:06.18,-28:28:59.7,2454216.11,2007-04-25.61,60.506,0.498,2.188,0.850,0.281,17.39,18.768,272.52574999999996,-28.483249999999998
2007-BLG-083,BLG232.2,60308,18:00:40.69,-27:12:45.9,2454178.177,2007-03-18.68,8.197,0.078,12.917,2.778,0.358,18.394,19.509,270.16954166666665,-27.21275
2007-BLG-084,BLG241.8,74845,18:05:34.90,-26:46:44.6,2454190.995,2007-03-31.50,41.258,0.571,1.958,0.729,1.0,18.78,18.78,271.3954166666666,-26.779055555555555
2007-BLG-085,BLG242.3,153358,18:09:29.29,-26:22:02.9,2454271.481,2007-06-19.98,105.256,0.523,2.104,0.807,1.0,18.117,18.117,272.3720416666666,-26.367472222222222
2007-BLG-086,BLG171.1,92550,17:53:38.97,-31:27:51.0,2454201.73,2007-04-11.23,15.461,0.236,4.317,1.588,0.935,15.906,15.979,268.412375,-31.464166666666667
2007-BLG-087,BLG218.2,150328,18:08:49.80,-28:18:07.4,2454200.738,2007-04-10.24,37.787,0.201,5.060,1.760,0.668,18.666,19.104,272.2075,-28.302055555555555
2007-BLG-088,BLG226.3,112128,18:07:59.47,-27:35:51.1,2454190.347,2007-03-30.85,19.226,0.966,1.367,0.340,1.0,17.772,17.772,271.9977916666666,-27.597527777777778
2007-BLG-089,BLG234.7,116594,18:04:02.64,-27:09:36.5,2454201.608,2007-04-11.11,35.413,1.514,1.130,0.133,1.0,17.057,17.057,271.01099999999997,-27.160138888888888
2007-BLG-090,BLG101.1,202758,17:53:52.49,-29:59:54.7,2454182.056,2007-03-22.56,6.714,0.313,3.316,1.301,1.0,18.847,18.847,268.46870833333327,-29.998527777777777
2007-BLG-091,BLG103.4,69581,17:57:30.52,-29:52:59.6,2454212.17,2007-04-21.67,73.646,2.040,1.057,0.060,1.0,16.93,16.93,269.3771666666666,-29.883222222222223
2007-BLG-092,BLG104.5,30552,17:58:31.69,-29:17:44.4,2454186.261,2007-03-26.76,11.845,0.841,1.484,0.428,1.0,18.341,18.341,269.6320416666666,-29.29566666666667
2007-BLG-093,BLG104.6,50516,17:57:48.55,-29:24:23.5,2454184.593,2007-03-25.09,24.102,0.994,1.346,0.322,1.0,18.012,18.012,269.4522916666666,-29.406527777777775
2007-BLG-094,BLG129.1,123914,17:44:52.87,-34:21:36.7,2454193.68,2007-04-03.18,11.105,0.701,1.677,0.561,1.0,15.43,15.43,266.22029166666664,-34.360194444444446
2007-BLG-095,BLG140.5,72,17:49:29.41,-33:27:24.5,2454192.643,2007-04-02.14,10.434,0.645,1.783,0.628,1.0,15.001,15.001,267.3725416666666,-33.45680555555556
2007-BLG-096,BLG155.2,104165,17:52:53.53,-32:29:57.3,2454177.049,2007-03-17.55,8.542,1.000,1.341,0.319,1.0,18.306,18.306,268.22304166666663,-32.49925
2007-BLG-097,BLG156.4,122199,17:56:08.28,-32:11:00.7,2454177.919,2007-03-18.42,17.074,0.901,1.422,0.383,1.0,19.051,19.051,269.0345,-32.183527777777776
2007-BLG-098,BLG157.7,160889,17:57:25.57,-32:27:14.3,2454186.604,2007-03-27.10,19.155,0.248,4.120,1.537,1.0,19.207,19.207,269.3565416666666,-32.45397222222223
2007-BLG-099,BLG196.8,70052,18:03:28.46,-29:43:50.9,2454172.227,2007-03-12.73,12.182,0.719,1.647,0.542,1.0,18.531,18.531,270.86858333333333,-29.730805555555555
2007-BLG-100,BLG215.5,30128,17:59:29.37,-28:08:04.7,2454182.896,2007-03-23.40,18.638,0.023,44.411,4.119,0.702,19.678,20.062,269.872375,-28.134638888888887
2007-BLG-101,BLG104.2,88635,17:59:06.11,-29:30:50.5,2454193.225,2007-04-02.73,467.170,0.005,215.6,5.834,0.04,19.76,23.248,269.77545833333335,-29.514027777777777
2007-BLG-102,BLG130.4,128816,17:47:16.05,-33:54:21.6,2454178.167,2007-03-18.67,4.691,0.345,3.029,1.203,1.0,19.626,19.626,266.816875,-33.906
2007-BLG-103,BLG141.5,113653,17:53:09.55,-33:20:15.2,2454172.396,2007-03-12.90,31.250,0.134,7.488,2.186,0.255,18.877,20.362,268.28979166666664,-33.33755555555556
2007-BLG-104,BLG147.4,86027,17:50:02.53,-32:47:30.2,2454181.068,2007-03-21.57,25.641,0.604,1.875,0.682,1.0,19.169,19.169,267.51054166666665,-32.79172222222222
2007-BLG-105,BLG241.3,82036,18:06:05.70,-26:26:14.8,2454202.72,2007-04-12.22,54.536,0.017,57.395,4.397,0.264,19.112,20.559,271.52374999999995,-26.437444444444445
2007-BLG-106,BLG227.6,122939,18:08:22.99,-27:33:58.3,2454185.503,2007-03-26.00,11.888,0.483,2.249,0.880,1.0,19.317,19.317,272.0957916666666,-27.566194444444445
2007-BLG-107,BLG131.4,121780,17:49:42.43,-33:54:10.5,2454215.801,2007-04-25.30,31.404,0.642,1.788,0.631,1.0,17.716,17.716,267.42679166666665,-33.90291666666666
2007-BLG-108,BLG140.4,79627,17:51:26.40,-33:23:03.2,2454198.807,2007-04-08.31,56.792,0.933,1.394,0.361,1.0,18.713,18.713,267.85999999999996,-33.38422222222222
2007-BLG-109,BLG215.3,109361,18:00:14.04,-28:12:17.9,2454236.05,2007-05-15.55,90.200,0.330,3.152,1.247,1.0,19.483,19.483,270.0585,-28.20497222222222
2007-BLG-110,BLG100.7,11089,17:50:12.77,-30:08:35.6,2454185.595,2007-03-26.09,7.902,0.787,1.548,0.474,1.0,18.466,18.466,267.5532083333333,-30.14322222222222
2007-BLG-111,BLG138.7,120565,17:44:38.51,-33:38:16.1,2454185.219,2007-03-25.72,8.964,1.820,1.079,0.083,1.0,16.095,16.095,266.16045833333334,-33.63780555555555
2007-BLG-112,BLG194.8,104452,17:50:04.90,-29:34:26.7,2454132.916,2007-02-01.42,35.628,0.262,3.910,1.481,1.0,18.021,18.021,267.5204166666666,-29.574083333333334
2007-BLG-113,BLG215.2,196528,18:01:00.84,-28:19:19.8,2454182.678,2007-03-23.18,1.380,0.462,2.334,0.920,1.0,18.27,18.27,270.2535,-28.322166666666668
2007-BLG-114,BLG215.5,90055,17:59:50.55,-28:03:46.4,2454180.732,2007-03-21.23,7.534,0.000,95024,12.445,0.797,18.161,18.407,269.960625,-28.06288888888889
2007-BLG-115,BLG102.4,184164,17:56:27.57,-29:14:11.7,2454189.829,2007-03-30.33,29.202,0.337,3.091,1.225,1.0,19.921,19.921,269.1148749999999,-29.236583333333336
2007-BLG-116,BLG138.1,3072,17:45:17.65,-33:53:25.6,2454233.962,2007-05-13.46,88.759,0.630,1.813,0.646,1.0,19.598,19.598,266.32354166666664,-33.89044444444444
2007-BLG-117,BLG164.2,136283,17:56:11.98,-31:51:56.6,2454187.163,2007-03-27.66,18.289,0.698,1.682,0.564,1.0,19.055,19.055,269.0499166666666,-31.865722222222225
2007-BLG-118,BLG173.2,67199,17:58:57.76,-31:21:10.7,2454182.747,2007-03-23.25,11.975,0.237,4.315,1.588,1.0,20.307,20.307,269.7406666666666,-31.352972222222224
2007-BLG-119,BLG194.1,149492,17:52:06.13,-29:35:30.1,2454204.749,2007-04-14.25,21.936,1.000,1.341,0.319,1.0,18.212,18.212,268.02554166666664,-29.591694444444443
2007-BLG-120,BLG224.1,118442,18:02:27.32,-27:53:58.3,2454184.068,2007-03-24.57,4.227,0.614,1.851,0.669,1.0,18.845,18.845,270.61383333333333,-27.899527777777777
2007-BLG-121,BLG180.2,69992,17:53:16.28,-30:44:36.3,2454199.538,2007-04-09.04,27.595,1.939,1.066,0.070,1.0,13.32,13.32,268.3178333333333,-30.74341666666667
2007-BLG-122,BLG197.8,5979,18:06:01.77,-29:44:39.3,2454204.467,2007-04-13.97,19.023,0.606,1.870,0.680,1.0,18.041,18.041,271.50737499999997,-29.74425
2007-BLG-123,BLG103.4,15379,17:56:57.53,-29:55:11.3,2454201.779,2007-04-11.28,11.841,1.344,1.175,0.175,1.0,15.738,15.738,269.2397083333333,-29.919805555555556
2007-BLG-124,BLG172.7,55685,17:54:30.72,-31:19:46.8,2454190.591,2007-03-31.09,18.409,0.016,62.448,4.489,1.0,19.978,19.978,268.62799999999993,-31.329666666666668
2007-BLG-125,BLG214.2,135603,17:58:05.73,-28:20:33.5,2454178.702,2007-03-19.20,6.333,0.291,3.550,1.376,1.0,18.772,18.772,269.5238749999999,-28.34263888888889
2007-BLG-126,BLG172.6,46462,17:54:14.78,-31:11:21.1,2454193.218,2007-04-02.72,6.409,0.098,10.278,2.530,1.0,16.389,16.389,268.56158333333326,-31.189194444444446
2007-BLG-127,BLG141.7,99618,17:53:10.02,-33:37:14.8,2454201.657,2007-04-11.16,15.093,0.065,15.337,2.964,1.0,19.417,19.417,268.29175,-33.620777777777775
2007-BLG-128,BLG173.2,35158,17:59:17.69,-31:21:28.0,2454219.746,2007-04-29.25,46.975,1.304,1.189,0.188,1.0,18.597,18.597,269.82370833333334,-31.35777777777778
2007-BLG-129,BLG205.6,105548,17:56:50.87,-28:48:22.7,2454192.549,2007-04-02.05,1.697,1.014,1.332,0.311,1.0,18.051,18.051,269.2119583333333,-28.806305555555557
2007-BLG-130,BLG105.7,67627,18:01:06.33,-29:33:38.4,2454193.335,2007-04-02.83,15.360,0.505,2.164,0.838,1.0,19.529,19.529,270.276375,-29.560666666666666
2007-BLG-131,BLG181.7,69457,17:54:27.76,-30:45:43.7,2454206.126,2007-04-15.63,29.068,0.060,16.699,3.057,0.557,19.243,19.878,268.6156666666666,-30.762138888888888
2007-BLG-132,BLG184.6,132224,18:02:10.63,-30:32:09.0,2454191.581,2007-04-01.08,9.743,0.395,2.679,1.070,1.0,19.306,19.306,270.54429166666665,-30.535833333333336
2007-BLG-133,BLG183.6,84710,18:00:21.97,-30:36:02.0,2454191.588,2007-04-01.09,4.036,0.625,1.826,0.654,1.0,18.582,18.582,270.0915416666666,-30.600555555555555
2007-BLG-134,BLG214.1,93024,17:58:43.13,-28:31:57.5,2454204.821,2007-04-14.32,35.129,0.315,3.293,1.294,0.48,18.997,19.792,269.6797083333333,-28.532638888888886
2007-BLG-135,BLG214.8,83713,17:56:56.74,-28:32:13.2,2454197.663,2007-04-07.16,31.600,0.078,12.841,2.771,0.444,19.595,20.477,269.2364166666666,-28.537000000000003
2007-BLG-136,BLG218.1,82172,18:09:06.88,-28:32:28.2,2454191.059,2007-03-31.56,2.124,1.094,1.282,0.270,1.0,16.945,16.945,272.2786666666666,-28.54116666666667
2007-BLG-137,BLG219.5,10399,18:09:30.92,-28:08:08.0,2454206.89,2007-04-16.39,35.192,0.040,24.846,3.488,0.232,18.294,19.879,272.37883333333326,-28.135555555555555
2007-BLG-138,BLG223.5,112918,17:58:31.21,-27:27:17.2,2454195.947,2007-04-05.45,16.351,0.489,2.225,0.868,1.0,19.562,19.562,269.6300416666666,-27.454777777777778
2007-BLG-139,BLG105.6,55318,18:00:38.48,-29:24:19.6,2454196.484,2007-04-05.98,13.959,0.559,1.991,0.748,1.0,18.737,18.737,270.1603333333333,-29.40544444444444
2007-BLG-140,BLG131.6,126083,17:48:26.75,-34:04:20.8,2454205.426,2007-04-14.93,39.866,0.082,12.276,2.723,0.104,18.844,21.302,267.1114583333333,-34.07244444444445
2007-BLG-141,BLG173.4,72279,17:59:10.68,-31:01:44.7,2454198.899,2007-04-08.40,20.155,0.067,15.033,2.943,0.181,18.926,20.782,269.79449999999997,-31.029083333333332
2007-BLG-142,BLG183.7,117123,18:00:06.72,-30:41:51.8,2454193.467,2007-04-02.97,9.733,0.530,2.080,0.795,1.0,19.776,19.776,270.02799999999996,-30.69772222222222
2007-BLG-143,BLG190.6,132088,18:03:13.21,-29:55:32.6,2454193.867,2007-04-03.37,2.432,0.781,1.556,0.480,1.0,18.237,18.237,270.8050416666666,-29.925722222222223
2007-BLG-144,BLG206.1,56447,18:00:21.04,-29:08:17.3,2454194.408,2007-04-03.91,6.770,1.084,1.287,0.274,1.0,17.489,17.489,270.0876666666666,-29.13813888888889
2007-BLG-145,BLG224.8,61588,18:00:47.57,-27:56:37.7,2454194.249,2007-04-03.75,6.322,0.213,4.780,1.699,1.0,19.476,19.476,270.1982083333333,-27.943805555555556
2007-BLG-146,BLG225.5,6489,18:03:24.86,-27:31:34.0,2454197.776,2007-04-07.28,5.507,0.501,2.179,0.846,1.0,18.622,18.622,270.8535833333333,-27.52611111111111
2007-BLG-147,BLG207.7,194079,18:02:15.14,-28:54:32.5,2454228.262,2007-05-07.76,51.855,0.057,17.649,3.117,0.786,18.816,19.078,270.5630833333333,-28.909027777777776
2007-BLG-148,BLG102.4,155162,17:57:08.82,-29:16:31.4,2454206.836,2007-04-16.34,11.723,0.050,19.930,3.249,1.0,19.865,19.865,269.2867499999999,-29.275388888888887
2007-BLG-149,BLG102.4,163884,17:57:16.11,-29:15:16.5,2454213.329,2007-04-22.83,52.271,0.059,16.874,3.068,0.345,20.099,21.254,269.317125,-29.254583333333333
2007-BLG-150,BLG102.4,185956,17:56:31.49,-29:12:45.5,2454210.544,2007-04-20.04,10.822,0.366,2.868,1.144,1.0,14.794,14.794,269.1312083333333,-29.21263888888889
2007-BLG-151,BLG121.1,49779,17:47:05.69,-35:03:07.9,2454211.675,2007-04-21.18,50.015,0.576,1.946,0.723,1.0,19.292,19.292,266.77370833333333,-35.05219444444444
2007-BLG-152,BLG121.8,111196,17:45:22.19,-34:57:05.1,2454220.908,2007-04-30.41,14.722,0.526,2.093,0.802,0.554,15.836,16.477,266.3424583333333,-34.95141666666667
2007-BLG-153,BLG147.5,58469,17:49:03.59,-32:49:48.3,2454201.761,2007-04-11.26,6.584,0.135,7.479,2.185,1.0,20.29,20.29,267.26495833333325,-32.830083333333334
2007-BLG-154,BLG172.6,105536,17:54:45.88,-31:08:08.3,2454200.383,2007-04-09.88,9.795,0.000,48590,11.716,0.315,19.213,20.469,268.6911666666666,-31.135638888888888
2007-BLG-155,BLG179.2,65200,17:50:33.03,-30:45:21.8,2454235.029,2007-05-14.53,21.626,0.553,2.009,0.758,1.0,16.482,16.482,267.63762499999996,-30.756055555555555
2007-BLG-156,BLG181.1,105196,17:56:26.69,-30:52:55.5,2454205.921,2007-04-15.42,54.379,0.025,40.566,4.020,0.069,18.877,21.777,269.1112083333333,-30.882083333333334
2007-BLG-157,BLG181.7,48076,17:55:09.69,-30:46:52.2,2454206.045,2007-04-15.54,7.391,0.018,55.934,4.369,1.0,20.179,20.179,268.790375,-30.781166666666667
2007-BLG-158,BLG183.5,39968,18:00:18.73,-30:28:22.6,2454200.81,2007-04-10.31,6.177,0.396,2.673,1.067,1.0,19.246,19.246,270.07804166666665,-30.472944444444444
2007-BLG-159,BLG195.1,181569,17:54:41.68,-29:25:39.5,2454228.639,2007-05-08.14,64.913,0.075,13.435,2.821,0.071,16.027,18.905,268.67366666666663,-29.42763888888889
2007-BLG-160,BLG205.1,82656,17:58:34.47,-29:07:41.0,2454201.628,2007-04-11.13,4.122,0.126,7.985,2.256,1.0,18.617,18.617,269.643625,-29.128055555555555
2007-BLG-161,BLG205.3,200,17:57:19.90,-28:51:57.5,2454289.082,2007-07-07.58,46.787,0.490,2.221,0.866,1.0,16.06,16.06,269.3329166666666,-28.865972222222222
2007-BLG-162,BLG206.7,147591,17:58:35.24,-28:54:35.1,2454204.954,2007-04-14.45,14.853,0.046,21.540,3.333,1.0,19.772,19.772,269.6468333333333,-28.90975
2007-BLG-163,BLG232.3,95293,18:01:02.01,-27:01:44.5,2454205.513,2007-04-15.01,25.211,0.010,101.2,5.013,0.06,18.324,21.376,270.25837499999994,-27.029027777777777
2007-BLG-164,BLG233.3,49604,18:03:08.39,-27:02:24.8,2454199.638,2007-04-09.14,6.599,0.528,2.087,0.799,1.0,18.338,18.338,270.7849583333333,-27.040222222222223
2007-BLG-165,BLG242.3,132838,18:08:47.10,-26:23:23.8,2454210.411,2007-04-19.91,16.072,0.597,1.890,0.691,1.0,19.179,19.179,272.19624999999996,-26.389944444444446
2007-BLG-166,BLG100.3,117624,17:52:00.26,-29:54:39.5,2454209.46,2007-04-18.96,9.038,0.086,11.725,2.673,0.498,19.08,19.836,268.0010833333333,-29.91097222222222
2007-BLG-167,BLG139.8,53234,17:47:15.40,-33:49:31.0,2454226.036,2007-05-05.54,25.430,0.550,2.017,0.762,1.0,19.467,19.467,266.81416666666667,-33.82527777777778
2007-BLG-168,BLG142.8,140849,17:55:43.41,-33:47:26.4,2454220.322,2007-04-29.82,19.025,0.662,1.748,0.606,1.0,18.2,18.2,268.93087499999996,-33.79066666666667
2007-BLG-169,BLG149.4,125665,17:56:21.97,-32:46:14.6,2454228.453,2007-05-07.95,27.432,0.886,1.437,0.393,1.0,17.839,17.839,269.0915416666666,-32.77072222222222
2007-BLG-170,BLG183.3,121758,18:01:24.11,-30:34:19.2,2454207.968,2007-04-17.47,14.147,1.250,1.208,0.206,1.0,18.381,18.381,270.3504583333333,-30.572
2007-BLG-171,BLG183.3,139959,18:01:53.41,-30:34:26.6,2454204.264,2007-04-13.76,22.667,1.083,1.288,0.275,1.0,18.211,18.211,270.47254166666664,-30.574055555555557
2007-BLG-172,BLG188.5,137751,17:58:27.36,-29:48:58.2,2454206.963,2007-04-16.46,26.830,0.167,6.060,1.956,0.03,15.19,18.983,269.6139999999999,-29.816166666666668
2007-BLG-173,BLG206.8,51698,17:58:34.50,-29:07:40.8,2454202.638,2007-04-12.14,4.947,0.179,5.639,1.878,1.0,19.38,19.38,269.6437499999999,-29.128
2007-BLG-174,BLG223.1,48497,17:59:24.75,-27:56:59.4,2454203.535,2007-04-13.04,8.702,0.636,1.801,0.639,1.0,19.275,19.275,269.853125,-27.949833333333334
2007-BLG-175,BLG163.6,55740,17:51:39.28,-31:43:34.0,2454211.084,2007-04-20.58,6.100,0.135,7.483,2.185,1.0,17.754,17.754,267.91366666666664,-31.72611111111111
2007-BLG-176,BLG219.7,122426,18:09:53.77,-28:18:56.3,2454206.117,2007-04-15.62,2.954,0.333,3.128,1.238,1.0,19.302,19.302,272.4740416666666,-28.31563888888889
2007-BLG-177,BLG242.6,87109,18:07:21.59,-26:24:07.6,2454213.175,2007-04-22.68,18.390,0.880,1.443,0.398,1.0,18.97,18.97,271.8399583333333,-26.40211111111111
2007-BLG-178,BLG196.2,77992,18:05:17.46,-29:33:48.5,2454265.116,2007-06-13.62,85.587,0.740,1.614,0.520,1.0,18.835,18.835,271.32275,-29.563472222222224
2007-BLG-179,BLG205.2,174498,17:58:35.26,-28:54:34.6,2454204.98,2007-04-14.48,20.399,0.031,32.689,3.786,0.653,19.757,20.219,269.64691666666664,-28.90961111111111
2007-BLG-180,BLG234.7,48431,18:04:55.13,-27:14:44.2,2454208.537,2007-04-18.04,7.251,0.401,2.639,1.054,1.0,19.915,19.915,271.2297083333333,-27.245611111111113
2007-BLG-181,BLG171.6,117996,17:52:02.09,-31:06:56.9,2454240.72,2007-05-20.22,50.262,0.188,5.396,1.830,0.291,19.036,20.375,268.0087083333333,-31.115805555555557
2007-BLG-182,BLG180.3,129264,17:53:41.82,-30:32:36.6,2454225.713,2007-05-05.21,20.139,0.562,1.983,0.744,1.0,18.902,18.902,268.4242499999999,-30.5435
2007-BLG-183,BLG188.5,88567,17:58:28.43,-29:50:46.3,2454199.795,2007-04-09.29,19.415,0.776,1.563,0.485,1.0,19.375,19.375,269.6184583333333,-29.846194444444443
2007-BLG-184,BLG181.2,197986,17:56:01.79,-30:41:33.6,2454212.57,2007-04-22.07,21.031,0.047,21.259,3.319,0.91,17.749,17.852,269.0074583333333,-30.692666666666668
2007-BLG-185,BLG103.8,116310,17:55:21.42,-30:16:54.9,2454223.887,2007-05-03.39,25.534,0.605,1.872,0.681,1.0,18.178,18.178,268.83925,-30.281916666666667
2007-BLG-186,BLG139.4,37488,17:48:12.50,-33:24:27.6,2454256.547,2007-06-05.05,107.136,0.203,4.999,1.747,0.057,16.558,19.676,267.0520833333333,-33.407666666666664
2007-BLG-187,BLG189.4,54070,18:02:04.90,-29:51:46.4,2454281.187,2007-06-29.69,66.007,0.991,1.348,0.324,0.433,14.526,15.436,270.5204166666667,-29.86288888888889
2007-BLG-188,BLG206.4,28744,18:00:45.23,-28:42:34.0,2454228.749,2007-05-08.25,17.974,1.610,1.111,0.114,1.0,16.775,16.775,270.1884583333333,-28.709444444444443
2007-BLG-189,BLG223.7,154649,17:58:42.17,-27:42:51.2,2454211.161,2007-04-20.66,5.077,0.728,1.633,0.532,1.0,18.379,18.379,269.67570833333326,-27.714222222222222
2007-BLG-190,BLG102.7,239041,17:56:10.30,-29:31:51.9,2454215.35,2007-04-24.85,2.663,0.769,1.573,0.492,1.0,19.176,19.176,269.04291666666666,-29.53108333333333
2007-BLG-191,BLG129.4,31625,17:43:53.79,-33:58:31.6,2454229.595,2007-05-09.10,15.266,1.335,1.178,0.178,1.0,16.539,16.539,265.9741249999999,-33.97544444444445
2007-BLG-192,BLG183.6,87050,18:00:24.11,-30:36:34.1,2454221.289,2007-04-30.79,15.667,0.111,9.089,2.396,0.436,19.542,20.443,270.1004583333333,-30.609472222222223
2007-BLG-193,BLG216.3,5130,18:02:48.33,-28:16:07.2,2454212.67,2007-04-22.17,7.848,0.523,2.104,0.808,1.0,19.253,19.253,270.70137500000004,-28.268666666666665
2007-BLG-194,BLG100.6,115701,17:50:32.76,-29:52:14.0,2454218.774,2007-04-28.27,14.518,0.791,1.543,0.471,1.0,19.532,19.532,267.63649999999996,-29.870555555555555
2007-BLG-195,BLG104.3,59872,17:59:40.46,-29:25:23.7,2454236.938,2007-05-16.44,23.510,1.629,1.107,0.111,1.0,17.637,17.637,269.91858333333334,-29.42325
2007-BLG-196,BLG139.2,131257,17:49:11.91,-33:38:37.4,2454271.339,2007-06-19.84,43.760,1.367,1.168,0.169,1.0,16.532,16.532,267.29962499999993,-33.64372222222222
2007-BLG-197,BLG156.3,3014,17:55:04.34,-32:25:33.7,2454214.889,2007-04-24.39,17.807,0.717,1.650,0.544,1.0,19.757,19.757,268.7680833333333,-32.426027777777776
2007-BLG-198,BLG172.4,57725,17:55:56.07,-31:01:51.2,2454222.564,2007-05-02.06,6.373,0.594,1.899,0.696,1.0,17.672,17.672,268.98362499999996,-31.03088888888889
2007-BLG-199,BLG180.3,33061,17:53:41.16,-30:37:40.1,2454234.24,2007-05-13.74,39.426,0.541,2.046,0.777,1.0,19.241,19.241,268.4215,-30.627805555555558
2007-BLG-200,BLG206.1,14710,18:00:19.59,-29:09:32.1,2454218.54,2007-04-28.04,9.803,0.565,1.975,0.739,1.0,19.417,19.417,270.081625,-29.158916666666666
2007-BLG-201,BLG207.6,57460,18:01:21.16,-28:48:45.7,2454218.448,2007-04-27.95,5.836,0.867,1.456,0.408,1.0,18.131,18.131,270.3381666666666,-28.812694444444446
2007-BLG-202,BLG215.4,30789,18:00:55.21,-28:06:38.5,2454229.857,2007-05-09.36,15.703,0.658,1.756,0.612,1.0,18.734,18.734,270.23004166666664,-28.110694444444444
2007-BLG-203,BLG224.3,50789,18:01:57.63,-27:39:12.7,2454218.111,2007-04-27.61,8.376,0.300,3.445,1.343,1.0,18.84,18.84,270.4901249999999,-27.653527777777775
2007-BLG-204,BLG241.2,175147,18:07:09.61,-26:31:15.2,2454225.217,2007-05-04.72,11.799,0.352,2.969,1.182,1.0,18.706,18.706,271.79004166666664,-26.520888888888887
2007-BLG-205,BLG104.7,152819,17:58:01.08,-29:28:49.0,2454228.048,2007-05-07.55,13.327,0.486,2.234,0.873,1.0,18.988,18.988,269.50449999999995,-29.480277777777776
2007-BLG-206,BLG105.6,5462,18:00:27.18,-29:26:28.0,2454232.217,2007-05-11.72,29.514,0.518,2.120,0.816,1.0,19.664,19.664,270.11324999999994,-29.441111111111113
2007-BLG-207,BLG207.8,11214,18:01:30.70,-29:10:57.2,2454220.08,2007-04-29.58,3.588,0.180,5.636,1.877,1.0,19.129,19.129,270.37791666666664,-29.182555555555556
2007-BLG-208,BLG218.2,144789,18:08:40.82,-28:18:46.9,2454211.126,2007-04-20.63,47.777,0.090,11.201,2.623,0.059,18.242,21.311,272.1700833333333,-28.31302777777778
2007-BLG-209,BLG232.4,23884,18:01:03.41,-26:55:04.3,2454250.015,2007-05-29.52,27.154,1.480,1.138,0.140,1.0,16.858,16.858,270.2642083333333,-26.91786111111111
2007-BLG-210,BLG180.1,10527,17:52:55.00,-30:56:13.0,2454231.621,2007-05-11.12,27.907,0.538,2.054,0.781,1.0,19.384,19.384,268.2291666666667,-30.936944444444446
2007-BLG-211,BLG181.5,139494,17:54:22.60,-30:21:55.7,2454233.871,2007-05-13.37,51.702,0.173,5.836,1.915,0.212,18.329,20.016,268.59416666666664,-30.365472222222223
2007-BLG-212,BLG105.8,155873,18:00:59.90,-29:39:27.6,2454223.573,2007-05-03.07,8.232,0.715,1.654,0.546,1.0,19.317,19.317,270.2495833333333,-29.657666666666664
2007-BLG-213,BLG171.2,54563,17:53:17.29,-31:19:39.2,2454224.421,2007-05-03.92,13.638,0.590,1.909,0.702,1.0,19.684,19.684,268.3220416666666,-31.327555555555556
2007-BLG-214,BLG101.6,197707,17:52:30.15,-29:42:40.8,2454230.705,2007-05-10.21,14.828,0.156,6.478,2.029,0.409,19.155,20.126,268.125625,-29.711333333333332
2007-BLG-215,BLG188.3,63004,17:59:25.70,-30:01:19.3,2454241.076,2007-05-20.58,13.881,1.274,1.199,0.197,1.0,16.972,16.972,269.8570833333333,-30.022027777777776
2007-BLG-216,BLG188.4,174762,17:59:28.65,-29:47:15.9,2454224.126,2007-05-03.63,3.978,1.653,1.103,0.107,1.0,15.948,15.948,269.869375,-29.787750000000003
2007-BLG-217,BLG194.3,79993,17:51:42.17,-29:17:48.0,2454228.754,2007-05-08.25,3.264,0.016,62.273,4.486,1.0,19.34,19.34,267.9257083333333,-29.296666666666667
2007-BLG-218,BLG196.6,142803,18:03:58.53,-29:23:22.7,2454265.246,2007-06-13.75,64.784,0.497,2.192,0.852,1.0,17.543,17.543,270.99387499999995,-29.38963888888889
2007-BLG-219,BLG100.3,173815,17:52:14.55,-29:50:51.6,2454230.722,2007-05-10.22,1.836,0.948,1.381,0.351,1.0,18.055,18.055,268.06062499999996,-29.847666666666665
2007-BLG-220,BLG104.3,111180,17:59:43.83,-29:22:12.1,2454238.088,2007-05-17.59,72.110,0.018,56.530,4.381,0.11,19.426,21.82,269.932625,-29.37002777777778
2007-BLG-221,BLG195.8,26421,17:53:16.42,-29:30:52.3,2454256.128,2007-06-04.63,36.824,0.967,1.366,0.339,1.0,17.989,17.989,268.3184166666666,-29.51452777777778
2007-BLG-222,BLG197.1,10217,18:07:31.79,-29:45:51.3,2454319.998,2007-08-07.50,58.038,0.770,1.571,0.490,1.0,17.224,17.224,271.8824583333333,-29.76425
2007-BLG-223,BLG205.5,36146,17:57:12.73,-28:42:32.4,2454226.231,2007-05-05.73,1.605,0.000,66361,12.055,1.0,18.573,18.573,269.3030416666666,-28.709
2007-BLG-224,BLG208.3,158166,18:05:41.05,-28:45:36.2,2454233.667,2007-05-13.17,3.519,0.001,1378.7,7.849,1.0,18.104,18.104,271.4210416666666,-28.760055555555557
2007-BLG-225,BLG207.7,68694,18:01:39.67,-28:57:43.7,2454232.036,2007-05-11.54,7.110,0.018,55.894,4.368,0.263,19.329,20.779,270.4152916666666,-28.962138888888887
2007-BLG-226,BLG208.3,128236,18:06:10.55,-28:46:55.0,2454234.776,2007-05-14.28,9.334,1.193,1.232,0.227,1.0,17.938,17.938,271.5439583333333,-28.781944444444445
2007-BLG-227,BLG218.8,107460,18:07:17.21,-28:29:02.4,2454367.625,2007-09-24.12,80.619,1.104,1.276,0.265,1.0,15.753,15.753,271.82170833333333,-28.484
2007-BLG-228,BLG225.8,54895,18:03:43.19,-27:57:28.4,2454241.612,2007-05-21.11,8.486,0.566,1.972,0.737,1.0,15.595,15.595,270.92995833333333,-27.95788888888889
2007-BLG-229,BLG226.6,46468,18:05:50.18,-27:38:12.7,2454229.755,2007-05-09.26,5.354,0.413,2.576,1.027,1.0,19.138,19.138,271.45908333333324,-27.63686111111111
2007-BLG-230,BLG102.7,143255,17:55:18.79,-29:34:19.6,2454233.897,2007-05-13.40,12.940,0.332,3.133,1.240,1.0,19.121,19.121,268.8282916666667,-29.57211111111111
2007-BLG-231,BLG172.4,163764,17:56:24.20,-30:58:15.1,2454235.595,2007-05-15.10,8.897,0.850,1.474,0.421,1.0,16.166,16.166,269.1008333333333,-30.97086111111111
2007-BLG-232,BLG190.4,73158,18:05:34.23,-29:51:06.0,2454239.067,2007-05-18.57,11.569,0.972,1.362,0.336,1.0,18.361,18.361,271.39262499999995,-29.851666666666667
2007-BLG-233,BLG205.2,108305,17:58:02.34,-28:55:43.6,2454266.386,2007-06-14.89,27.505,0.385,2.739,1.094,1.0,16.784,16.784,269.50974999999994,-28.92877777777778
2007-BLG-234,BLG215.7,161765,17:58:53.80,-28:17:53.7,2454238.517,2007-05-18.02,9.904,1.452,1.145,0.147,1.0,16.769,16.769,269.72416666666663,-28.298250000000003
2007-BLG-235,BLG227.8,44565,18:08:32.48,-27:56:16.8,2454245.959,2007-05-25.46,19.763,1.155,1.250,0.242,1.0,18.175,18.175,272.1353333333333,-27.938
2007-BLG-236,BLG103.2,92494,17:57:06.79,-30:08:54.0,2454237.766,2007-05-17.27,7.322,0.469,2.302,0.905,1.0,18.58,18.58,269.27829166666663,-30.148333333333333
2007-BLG-237,BLG241.8,18293,18:05:17.33,-26:47:40.9,2454240.756,2007-05-20.26,-,-,-,-,1.0,17.547,17.547,271.3222083333333,-26.794694444444445
2007-BLG-238,BLG215.3,32658,18:00:57.76,-28:16:43.4,2454240.205,2007-05-19.70,32.842,0.335,3.107,1.231,1.0,19.239,19.239,270.2406666666666,-28.27872222222222
2007-BLG-239,BLG100.8,108351,17:50:03.48,-30:11:11.4,2454281.068,2007-06-29.57,52.613,0.085,11.797,2.679,1.0,19.099,19.099,267.51449999999994,-30.1865
2007-BLG-240,BLG101.5,125218,17:52:21.15,-29:35:54.7,2454238.934,2007-05-18.43,6.303,1.101,1.278,0.266,1.0,18.136,18.136,268.088125,-29.598527777777775
2007-BLG-241,BLG102.7,139119,17:55:18.71,-29:34:20.4,2454234.32,2007-05-13.82,3.952,1.790,1.083,0.087,1.0,15.949,15.949,268.8279583333333,-29.572333333333333
2007-BLG-242,BLG194.1,114377,17:52:21.19,-29:35:54.8,2454238.612,2007-05-18.11,5.425,1.108,1.274,0.263,1.0,18.148,18.148,268.08829166666663,-29.598555555555553
2007-BLG-243,BLG206.7,145034,17:58:37.70,-28:54:56.8,2454246.47,2007-05-25.97,41.741,1.367,1.168,0.169,1.0,18.062,18.062,269.6570833333333,-28.915777777777777
2007-BLG-244,BLG215.3,30596,18:00:57.77,-28:16:42.7,2454240.161,2007-05-19.66,76.572,0.112,8.981,2.383,0.075,18.242,21.05,270.2407083333333,-28.27852777777778
2007-BLG-245,BLG224.7,41657,18:01:42.26,-27:50:04.5,2454236.447,2007-05-15.95,7.090,0.731,1.627,0.529,1.0,19.03,19.03,270.4260833333333,-27.83458333333333
2007-BLG-246,BLG249.5,118111,18:05:55.87,-25:38:17.2,2454236.861,2007-05-16.36,23.721,0.706,1.668,0.556,1.0,19.992,19.992,271.48279166666657,-25.63811111111111
2007-BLG-247,BLG250.3,18434,18:09:14.79,-25:54:45.5,2454239.35,2007-05-18.85,12.305,1.407,1.157,0.158,1.0,17.547,17.547,272.311625,-25.91263888888889
2007-BLG-248,BLG184.6,134312,18:02:19.02,-30:32:00.0,2454238.344,2007-05-17.84,3.130,1.104,1.276,0.265,1.0,17.446,17.446,270.57925,-30.533333333333335
2007-BLG-249,BLG155.6,107077,17:51:27.30,-32:17:29.4,2454259.304,2007-06-07.80,37.387,0.777,1.562,0.484,1.0,18.892,18.892,267.86375,-32.2915
2007-BLG-250,BLG100.3,98772,17:51:29.94,-29:54:19.4,2454243.527,2007-05-23.03,3.092,1.200,1.229,0.224,1.0,16.914,16.914,267.87474999999995,-29.905388888888886
2007-BLG-251,BLG121.2,113950,17:47:53.55,-34:50:55.4,2454241.07,2007-05-20.57,3.354,0.094,10.709,2.574,1.0,19.175,19.175,266.973125,-34.84872222222222
2007-BLG-252,BLG179.6,33656,17:48:39.26,-30:35:56.6,2454254.036,2007-06-02.54,42.688,0.059,16.963,3.074,0.317,18.809,20.056,267.16358333333335,-30.599055555555555
2007-BLG-253,BLG182.3,104428,17:58:32.01,-30:33:56.3,2454242.377,2007-05-21.88,9.644,0.107,9.343,2.426,0.309,18.715,19.989,269.63337499999994,-30.56563888888889
2007-BLG-254,BLG205.7,71940,17:56:00.27,-28:56:13.0,2454282.785,2007-07-01.28,24.442,0.696,1.686,0.567,1.0,16.273,16.273,269.00112499999994,-28.936944444444446
2007-BLG-255,BLG241.2,178787,18:07:17.25,-26:30:57.0,2454267.31,2007-06-15.81,46.058,0.431,2.477,0.985,0.826,17.328,17.535,271.821875,-26.515833333333333
2007-BLG-256,BLG103.2,19898,17:57:07.23,-30:13:34.6,2454247.526,2007-05-27.03,12.197,0.646,1.781,0.627,1.0,19.061,19.061,269.28012499999994,-30.226277777777778
2007-BLG-257,BLG223.2,171291,18:00:22.67,-27:43:49.6,2454257.515,2007-06-06.01,9.472,1.105,1.276,0.265,1.0,14.238,14.238,270.0944583333333,-27.730444444444444
2007-BLG-258,BLG100.1,22979,17:51:43.99,-30:17:20.1,2454247.209,2007-05-26.71,2.394,0.097,10.319,2.534,1.0,17.977,17.977,267.93329166666666,-30.28891666666667
2007-BLG-259,BLG171.3,66255,17:53:48.40,-31:10:08.1,2454261.962,2007-06-10.46,29.297,0.542,2.041,0.775,1.0,19.554,19.554,268.45166666666665,-31.168916666666668
2007-BLG-260,BLG182.7,86712,17:57:37.88,-30:44:36.6,2454247.126,2007-05-26.63,4.634,0.774,1.565,0.486,1.0,18.435,18.435,269.40783333333326,-30.7435
2007-BLG-261,BLG194.2,20581,17:51:48.60,-29:32:26.3,2454249.996,2007-05-29.50,47.797,0.054,18.610,3.174,0.088,19.106,21.748,267.9525,-29.54063888888889
2007-BLG-262,BLG214.5,32192,17:57:01.88,-28:07:55.9,2454247.783,2007-05-27.28,12.374,0.005,188.6,5.689,0.229,19.334,20.936,269.2578333333333,-28.132194444444444
2007-BLG-263,BLG227.3,102676,18:10:17.47,-27:35:36.9,2454241.6,2007-05-21.10,3.740,0.280,3.675,1.413,1.0,18.931,18.931,272.57279166666666,-27.59358333333333
2007-BLG-264,BLG105.2,67700,18:02:36.35,-29:33:26.1,2454259.673,2007-06-08.17,19.361,1.159,1.248,0.240,1.0,18.194,18.194,270.6514583333333,-29.55725
2007-BLG-265,BLG197.6,16651,18:06:16.15,-29:27:40.4,2454243.774,2007-05-23.27,12.054,0.726,1.636,0.534,1.0,19.044,19.044,271.5672916666666,-29.461222222222222
2007-BLG-266,BLG214.5,54022,17:56:18.69,-28:05:49.6,2454251.579,2007-05-31.08,4.325,1.262,1.204,0.201,1.0,15.227,15.227,269.07787499999995,-28.09711111111111
2007-BLG-267,BLG215.8,178403,17:59:19.32,-28:27:13.3,2454247.636,2007-05-27.14,4.006,0.510,2.148,0.830,1.0,19.426,19.426,269.8305,-28.453694444444444
2007-BLG-268,BLG223.2,108809,17:59:51.83,-27:44:22.7,2454276.016,2007-06-24.52,18.480,0.382,2.756,1.101,1.0,17.201,17.201,269.96595833333333,-27.73963888888889
2007-BLG-269,BLG100.4,21682,17:51:41.92,-29:49:17.1,2454244.278,2007-05-23.78,5.089,1.263,1.203,0.201,1.0,18.656,18.656,267.92466666666667,-29.821416666666668
2007-BLG-270,BLG129.5,47463,17:43:24.99,-33:59:56.8,2454263.456,2007-06-11.96,11.518,0.089,11.234,2.626,1.0,17.812,17.812,265.85412499999995,-33.99911111111111
2007-BLG-271,BLG208.5,150943,18:04:59.93,-28:37:48.1,2454250.362,2007-05-29.86,32.419,1.284,1.196,0.194,1.0,18.517,18.517,271.2497083333333,-28.630027777777777
2007-BLG-272,BLG214.1,117932,17:57:57.14,-28:28:56.0,2454246.028,2007-05-25.53,5.325,0.614,1.849,0.668,1.0,18.855,18.855,269.4880833333333,-28.48222222222222
2007-BLG-273,BLG215.7,127556,17:59:13.22,-28:20:25.1,2454280.254,2007-06-28.75,88.929,0.195,5.208,1.792,0.424,19.432,20.363,269.8050833333333,-28.340305555555556
2007-BLG-274,BLG225.6,164622,18:04:22.37,-27:34:33.8,2454247.008,2007-05-26.51,7.351,1.126,1.264,0.255,1.0,17.759,17.759,271.09320833333334,-27.576055555555556
2007-BLG-275,BLG130.5,78282,17:45:09.45,-33:56:48.5,2454270.422,2007-06-18.92,45.035,1.191,1.233,0.228,1.0,18.275,18.275,266.28937499999995,-33.94680555555555
2007-BLG-276,BLG156.6,133784,17:53:46.49,-32:17:25.2,2454254.911,2007-06-03.41,16.224,0.587,1.917,0.706,1.0,18.773,18.773,268.4437083333333,-32.29033333333333
2007-BLG-277,BLG183.5,137937,18:00:29.25,-30:24:41.3,2454243.731,2007-05-23.23,30.671,0.666,1.741,0.602,0.544,16.721,17.382,270.121875,-30.41147222222222
2007-BLG-278,BLG188.4,36212,17:59:59.18,-29:53:05.0,2454256.597,2007-06-05.10,8.962,0.149,6.757,2.074,1.0,18.559,18.559,269.9965833333333,-29.884722222222223
2007-BLG-279,BLG207.5,23185,18:01:48.31,-28:43:03.0,2454257.122,2007-06-05.62,12.165,0.704,1.672,0.558,1.0,18.826,18.826,270.45129166666663,-28.717499999999998
2007-BLG-280,BLG224.3,95977,18:03:06.09,-27:37:18.6,2454256.34,2007-06-04.84,12.809,0.224,4.548,1.645,1.0,19.319,19.319,270.77537499999994,-27.621833333333335
2007-BLG-281,BLG226.7,153760,18:06:26.91,-27:43:37.1,2454245.879,2007-05-25.38,13.347,0.046,21.862,3.349,0.222,18.298,19.933,271.612125,-27.72697222222222
2007-BLG-282,BLG180.7,156301,17:51:21.92,-30:41:00.5,2454383.935,2007-10-10.44,102.486,0.736,1.621,0.524,0.448,16.518,17.389,267.84133333333335,-30.68347222222222
2007-BLG-283,BLG183.6,125373,18:00:13.05,-30:33:01.9,2454280.58,2007-06-29.08,29.637,1.653,1.103,0.107,1.0,16.353,16.353,270.05437499999994,-30.550527777777777
2007-BLG-284,BLG224.7,70579,18:01:12.44,-27:48:02.6,2454284.505,2007-07-03.00,24.005,0.100,10.011,2.501,0.39,15.355,16.379,270.30183333333326,-27.800722222222223
2007-BLG-285,BLG102.1,84421,17:57:07.93,-29:44:49.4,2454253.381,2007-06-01.88,5.687,0.357,2.934,1.169,1.0,18.993,18.993,269.28304166666663,-29.747055555555555
2007-BLG-286,BLG224.5,133129,18:01:34.29,-27:27:18.5,2454264.227,2007-06-12.73,18.706,0.081,12.342,2.728,0.304,18.625,19.919,270.39287499999995,-27.45513888888889
2007-BLG-287,BLG235.1,55268,18:08:09.64,-27:21:35.9,2454289.739,2007-07-08.24,20.452,0.231,4.420,1.614,0.957,15.069,15.116,272.0401666666666,-27.359972222222222
2007-BLG-288,BLG101.1,95684,17:54:29.49,-30:04:43.1,2454254.843,2007-06-03.34,4.803,0.655,1.761,0.615,1.0,18.41,18.41,268.6228749999999,-30.07863888888889
2007-BLG-289,BLG101.1,119051,17:54:59.66,-30:04:47.8,2454261.149,2007-06-09.65,2.697,0.616,1.846,0.665,1.0,16.744,16.744,268.7485833333333,-30.079944444444443
2007-BLG-290,BLG101.8,28258,17:52:50.36,-30:07:46.5,2454257.917,2007-06-06.42,13.544,0.379,2.781,1.111,1.0,19.063,19.063,268.20983333333334,-30.129583333333333
2007-BLG-291,BLG103.6,523,17:54:59.66,-30:04:47.8,2454261.325,2007-06-09.82,2.752,0.463,2.330,0.918,1.0,16.857,16.857,268.7485833333333,-30.079944444444443
2007-BLG-292,BLG171.5,92880,17:52:00.82,-31:00:48.7,2454251.734,2007-05-31.23,17.434,0.451,2.384,0.943,1.0,17.982,17.982,268.0034166666666,-31.013527777777778
2007-BLG-293,BLG194.7,65439,17:50:19.12,-29:27:30.1,2454261.169,2007-06-09.67,3.108,0.000,24244,10.962,1.0,18.223,18.223,267.57966666666664,-29.45836111111111
2007-BLG-294,BLG189.6,63473,18:00:53.11,-30:00:59.0,2454288.085,2007-07-06.58,38.509,0.109,9.256,2.416,1.0,18.976,18.976,270.2212916666666,-30.01638888888889
2007-BLG-295,BLG102.6,145912,17:55:30.51,-29:24:39.6,2454271.129,2007-06-19.63,14.187,0.105,9.559,2.451,0.241,18.674,20.218,268.877125,-29.410999999999998
2007-BLG-296,BLG103.1,54141,17:57:18.17,-30:20:25.9,2454269.402,2007-06-17.90,13.544,0.270,3.804,1.450,1.0,19.919,19.919,269.3257083333333,-30.340527777777776
2007-BLG-297,BLG180.4,123864,17:53:04.48,-30:25:00.2,2454271.695,2007-06-20.20,19.301,0.801,1.530,0.462,1.0,18.42,18.42,268.26866666666666,-30.416722222222223
2007-BLG-298,BLG195.5,4291,17:52:35.03,-29:04:29.2,2454292.856,2007-07-11.36,52.018,0.229,4.446,1.620,0.105,16.578,19.026,268.14595833333334,-29.07477777777778
2007-BLG-299,BLG205.3,31396,17:58:21.26,-28:52:32.1,2454320.968,2007-08-08.47,31.631,0.098,10.236,2.525,1.0,16.461,16.461,269.58858333333325,-28.875583333333335
2007-BLG-300,BLG224.1,87653,18:03:00.15,-27:56:51.2,2454269.438,2007-06-17.94,12.030,0.334,3.122,1.236,0.423,18.504,19.438,270.750625,-27.947555555555557
2007-BLG-301,BLG102.3,121527,17:56:27.06,-29:24:15.1,2454275.536,2007-06-24.04,28.136,0.736,1.620,0.524,1.0,19.436,19.436,269.11275,-29.404194444444443
2007-BLG-302,BLG172.6,46463,17:54:14.80,-31:11:02.2,2454289.479,2007-07-07.98,16.263,0.017,58.024,4.409,0.983,16.308,16.326,268.5616666666666,-31.183944444444446
2007-BLG-303,BLG179.2,185059,17:51:21.92,-30:41:00.5,2454382.424,2007-10-08.92,76.550,1.108,1.274,0.263,1.0,16.538,16.538,267.84133333333335,-30.68347222222222
2007-BLG-304,BLG195.1,75046,17:54:24.38,-29:28:23.7,2454271.886,2007-06-20.39,12.651,1.050,1.308,0.292,1.0,18.308,18.308,268.6015833333333,-29.473249999999997
2007-BLG-305,BLG205.1,74614,17:58:22.05,-29:08:04.3,2454273.58,2007-06-22.08,9.012,0.688,1.700,0.576,0.138,14.832,16.978,269.59187499999996,-29.134527777777777
2007-BLG-306,BLG216.1,46189,18:03:58.59,-28:33:37.8,2454270.671,2007-06-19.17,18.161,1.104,1.276,0.265,1.0,18.408,18.408,270.994125,-28.5605
2007-BLG-307,BLG223.3,6183,17:59:32.04,-27:40:44.9,2454282.836,2007-07-01.34,20.439,0.613,1.853,0.669,1.0,19.029,19.029,269.88349999999997,-27.67913888888889
2007-BLG-308,BLG215.3,177615,18:00:40.59,-28:09:15.1,2454277.458,2007-06-25.96,12.228,0.076,13.121,2.795,1.0,17.74,17.74,270.169125,-28.154194444444443
2007-BLG-309,BLG101.8,1084,17:52:28.16,-30:07:50.0,2454295.015,2007-07-13.52,61.024,0.410,2.591,1.034,0.213,17.604,19.283,268.1173333333333,-30.130555555555556
2007-BLG-310,BLG140.3,49420,17:51:28.42,-33:34:04.7,2454271.368,2007-06-19.87,10.318,0.355,2.948,1.174,1.0,20.009,20.009,267.8684166666667,-33.567972222222224
2007-BLG-311,BLG142.1,18525,17:57:00.83,-33:53:58.8,2454282.366,2007-06-30.87,110.148,0.114,8.836,2.366,0.129,18.4,20.621,269.2534583333333,-33.89966666666667
2007-BLG-312,BLG148.5,141170,17:51:56.80,-32:43:36.1,2454269.488,2007-06-17.99,4.908,1.037,1.317,0.299,1.0,18.824,18.824,267.9866666666667,-32.72669444444445
2007-BLG-313,BLG149.7,34793,17:55:02.28,-33:09:11.0,2454275.03,2007-06-23.53,6.330,0.562,1.983,0.743,1.0,18.802,18.802,268.7595,-33.153055555555554
2007-BLG-314,BLG156.5,153228,17:54:28.33,-32:09:49.5,2454294.131,2007-07-12.63,29.428,1.410,1.156,0.157,1.0,17.743,17.743,268.6180416666666,-32.16375
2007-BLG-315,BLG181.8,99182,17:55:05.79,-30:53:26.7,2454297.732,2007-07-16.23,65.237,0.700,1.678,0.562,1.0,19.083,19.083,268.77412499999997,-30.89075
2007-BLG-316,BLG195.3,104505,17:53:58.13,-29:09:23.3,2454285.51,2007-07-04.01,9.837,0.894,1.429,0.388,1.0,17.617,17.617,268.4922083333333,-29.15647222222222
2007-BLG-317,BLG206.8,35853,17:59:34.86,-29:09:18.3,2454276.995,2007-06-25.50,8.306,1.597,1.113,0.117,1.0,16.39,16.39,269.89525000000003,-29.155083333333334
2007-BLG-318,BLG215.4,74283,18:00:39.95,-28:05:31.9,2454273.377,2007-06-21.88,3.747,0.815,1.513,0.450,1.0,18.944,18.944,270.1664583333333,-28.092194444444445
2007-BLG-319,BLG216.2,41146,18:03:52.70,-28:26:08.3,2454278.986,2007-06-27.49,11.833,0.057,17.472,3.106,0.534,18.838,19.519,270.96958333333333,-28.43563888888889
2007-BLG-320,BLG216.2,46975,18:04:00.67,-28:25:42.1,2454305.609,2007-07-24.11,95.417,0.627,1.821,0.651,0.097,15.417,17.954,271.00279166666667,-28.428361111111112
2007-BLG-321,BLG223.3,152818,18:00:01.31,-27:34:10.1,2454275.763,2007-06-24.26,3.789,1.175,1.241,0.234,1.0,17.251,17.251,270.0054583333333,-27.56947222222222
2007-BLG-322,BLG234.2,82106,18:06:03.19,-27:12:19.8,2454275.178,2007-06-23.68,49.520,1.814,1.080,0.084,1.0,17.483,17.483,271.51329166666665,-27.2055
2007-BLG-323,BLG241.1,45845,18:06:04.35,-26:45:16.5,2454338.372,2007-08-25.87,51.534,1.354,1.172,0.172,1.0,15.322,15.322,271.518125,-26.754583333333333
2007-BLG-324,BLG249.7,53433,18:05:43.95,-26:01:21.6,2454285.409,2007-07-03.91,19.834,1.140,1.257,0.249,1.0,17.735,17.735,271.43312499999996,-26.022666666666666
2007-BLG-325,BLG100.4,90731,17:51:04.65,-29:45:28.9,2454274.672,2007-06-23.17,1.964,1.288,1.194,0.193,1.0,17.281,17.281,267.76937499999997,-29.758027777777777
2007-BLG-326,BLG242.5,64125,18:08:08.43,-26:17:18.9,2454281.768,2007-06-30.27,15.593,0.540,2.049,0.779,1.0,18.719,18.719,272.03512499999994,-26.288583333333335
2007-BLG-327,BLG129.1,81780,17:44:24.52,-34:25:29.8,2454291.709,2007-07-10.21,0.145,0.018,54.068,4.332,1.0,17.452,17.452,266.1021666666667,-34.42494444444444
2007-BLG-328,BLG139.2,88533,17:48:50.51,-33:39:48.5,2454268.375,2007-06-16.88,19.372,0.662,1.748,0.606,1.0,19.187,19.187,267.21045833333335,-33.66347222222222
2007-BLG-329,BLG141.5,75608,17:52:46.50,-33:22:56.0,2454267.445,2007-06-15.95,9.310,1.110,1.273,0.262,1.0,18.397,18.397,268.19374999999997,-33.382222222222225
2007-BLG-330,BLG172.5,44499,17:55:21.36,-31:03:36.3,2454277.041,2007-06-25.54,5.326,0.000,42385,11.568,0.215,19.316,20.987,268.839,-31.060083333333335
2007-BLG-331,BLG181.5,7547,17:54:16.93,-30:28:59.0,2454281.975,2007-06-30.48,4.563,1.197,1.230,0.225,1.0,15.182,15.182,268.5705416666666,-30.483055555555556
2007-BLG-332,BLG181.6,53796,17:54:17.43,-30:35:41.4,2454280.555,2007-06-29.05,57.936,0.094,10.653,2.569,0.542,19.983,20.649,268.57262499999996,-30.594833333333334
2007-BLG-333,BLG189.5,142117,18:00:29.02,-29:47:49.5,2454292.189,2007-07-10.69,11.292,0.168,6.028,1.950,1.0,16.963,16.963,270.12091666666663,-29.797083333333337
2007-BLG-334,BLG189.6,110101,18:01:00.44,-29:57:36.1,2454323.203,2007-08-10.70,30.765,1.024,1.325,0.306,1.0,16.679,16.679,270.2518333333333,-29.96002777777778
2007-BLG-335,BLG190.2,20034,18:05:11.47,-30:11:26.0,2454305.326,2007-07-23.83,406.528,0.102,9.828,2.481,0.048,18.73,22.028,271.2977916666666,-30.190555555555555
2007-BLG-336,BLG196.6,62159,18:03:19.81,-29:25:42.6,2454288.401,2007-07-06.90,28.023,0.620,1.836,0.660,1.0,18.455,18.455,270.83254166666666,-29.4285
2007-BLG-337,BLG205.3,154547,17:57:50.61,-28:45:20.8,2454277.42,2007-06-25.92,3.760,0.750,1.599,0.510,1.0,18.452,18.452,269.460875,-28.755777777777777
2007-BLG-338,BLG223.1,72558,18:00:08.03,-27:55:43.5,2454291.09,2007-07-09.59,23.640,0.450,2.390,0.946,1.0,19.01,19.01,270.03345833333333,-27.92875
2007-BLG-339,BLG223.3,87259,18:00:30.95,-27:39:09.2,2454276.304,2007-06-24.80,16.785,0.025,40.766,4.026,0.174,19.851,21.753,270.1289583333333,-27.652555555555555
2007-BLG-340,BLG241.2,19107,18:06:36.35,-26:39:19.1,2454276.317,2007-06-24.82,8.823,0.740,1.615,0.520,1.0,18.382,18.382,271.6514583333333,-26.655305555555554
2007-BLG-341,BLG102.7,181731,17:56:14.44,-29:34:29.5,2454282.876,2007-07-01.38,12.348,0.041,24.177,3.458,0.449,18.97,19.839,269.06016666666665,-29.57486111111111
2007-BLG-342,BLG195.6,50582,17:52:44.01,-29:10:46.8,2454288.742,2007-07-07.24,13.335,1.239,1.213,0.209,1.0,17.471,17.471,268.183375,-29.17966666666667
2007-BLG-343,BLG101.8,187443,17:53:38.83,-30:02:59.5,2454280.466,2007-06-28.97,7.495,0.811,1.518,0.453,1.0,18.888,18.888,268.41179166666666,-30.049861111111113
2007-BLG-344,BLG102.3,15472,17:56:50.59,-29:29:55.2,2454293.469,2007-07-11.97,39.841,0.244,4.185,1.554,0.043,16.466,19.892,269.21079166666664,-29.49866666666667
2007-BLG-345,BLG164.3,48005,17:55:54.68,-31:46:17.4,2454279.568,2007-06-28.07,6.759,1.202,1.228,0.223,1.0,18.7,18.7,268.9778333333333,-31.7715
2007-BLG-346,BLG181.6,45193,17:54:03.85,-30:36:04.7,2454286.353,2007-07-04.85,20.469,0.130,7.721,2.219,0.64,19.177,19.662,268.5160416666666,-30.601305555555555
2007-BLG-347,BLG208.7,29643,18:04:29.96,-29:01:23.0,2454283.45,2007-07-01.95,16.866,0.095,10.614,2.565,0.657,19.447,19.903,271.1248333333333,-29.023055555555555
2007-BLG-348,BLG218.1,28890,18:08:52.98,-28:35:13.1,2454286.44,2007-07-04.94,21.687,0.798,1.535,0.465,1.0,17.675,17.675,272.22074999999995,-28.586972222222222
2007-BLG-349,BLG241.6,109792,18:05:24.43,-26:25:19.0,2454348.556,2007-09-05.06,109.411,0.004,275.9,6.102,1.0,19.884,19.884,271.3517916666666,-26.421944444444446
2007-BLG-350,BLG249.6,2904,18:04:54.48,-25:55:03.0,2454320.128,2007-08-07.63,54.447,1.618,1.109,0.113,1.0,17.663,17.663,271.227,-25.9175
2007-BLG-351,BLG250.3,40206,18:08:46.87,-25:51:59.4,2454287.726,2007-07-06.23,6.984,1.414,1.155,0.156,1.0,17.018,17.018,272.19529166666666,-25.866500000000002
2007-BLG-352,BLG101.2,236888,17:54:21.58,-29:51:10.0,2454288.05,2007-07-06.55,7.746,0.499,2.185,0.848,1.0,18.558,18.558,268.5899166666666,-29.852777777777778
2007-BLG-353,BLG181.7,113832,17:54:25.86,-30:43:00.3,2454300.221,2007-07-18.72,27.570,0.532,2.073,0.792,0.192,15.044,16.836,268.60774999999995,-30.716749999999998
2007-BLG-354,BLG216.2,13706,18:03:11.58,-28:24:50.9,2454298.104,2007-07-16.60,31.824,0.121,8.284,2.296,0.054,16.692,19.865,270.79825,-28.41413888888889
2007-BLG-355,BLG223.5,34652,17:59:01.74,-27:32:33.1,2454303.965,2007-07-22.46,13.678,0.386,2.734,1.092,1.0,16.486,16.486,269.75724999999994,-27.542527777777778
2007-BLG-356,BLG234.5,103228,18:04:02.92,-26:51:56.6,2454293.444,2007-07-11.94,12.386,0.849,1.474,0.422,1.0,17.169,17.169,271.01216666666664,-26.865722222222225
2007-BLG-357,BLG122.8,51951,17:48:11.33,-35:02:35.7,2454291.622,2007-07-10.12,18.255,0.159,6.356,2.008,0.054,16.788,19.947,267.0472083333333,-35.04325
2007-BLG-358,BLG189.7,153492,18:00:50.89,-30:05:30.7,2454294.845,2007-07-13.35,25.745,0.156,6.474,2.028,0.475,19.696,20.503,270.2120416666666,-30.09186111111111
2007-BLG-359,BLG104.4,34014,18:00:11.27,-29:18:22.6,2454283.046,2007-07-01.55,3.490,1.764,1.087,0.090,1.0,16.382,16.382,270.0469583333333,-29.30627777777778
2007-BLG-360,BLG184.1,25110,18:04:23.19,-30:56:14.5,2454284.762,2007-07-03.26,8.214,0.823,1.505,0.443,1.0,19.506,19.506,271.09662499999996,-30.937361111111112
2007-BLG-361,BLG235.6,15141,18:06:49.99,-27:04:36.2,2454285.83,2007-07-04.33,6.720,0.763,1.581,0.497,1.0,18.352,18.352,271.7082916666667,-27.076722222222223
2007-BLG-362,BLG250.3,56397,18:09:18.14,-25:52:21.3,2454313.146,2007-07-31.65,28.229,0.412,2.579,1.029,1.0,18.489,18.489,272.3255833333333,-25.872583333333335
2007-BLG-363,BLG100.8,20244,17:50:31.99,-30:16:12.1,2454292.489,2007-07-10.99,32.273,0.014,72.376,4.649,0.068,19.625,22.549,267.6332916666666,-30.270027777777777
2007-BLG-364,BLG149.4,170006,17:56:25.76,-32:44:46.2,2454310.445,2007-07-28.95,14.832,0.252,4.061,1.522,1.0,16.809,16.809,269.1073333333333,-32.74616666666667
2007-BLG-365,BLG130.4,64680,17:47:38.60,-33:59:17.5,2454309.98,2007-07-28.48,13.353,1.023,1.326,0.306,1.0,15.807,15.807,266.9108333333333,-33.988194444444446
2007-BLG-366,BLG163.3,76135,17:53:02.79,-31:45:31.8,2454289.595,2007-07-08.10,13.442,1.927,1.068,0.071,1.0,16.267,16.267,268.261625,-31.75883333333333
2007-BLG-367,BLG102.2,80588,17:56:52.83,-29:35:54.2,2454291.079,2007-07-09.58,4.417,0.669,1.734,0.598,1.0,18.407,18.407,269.220125,-29.598388888888888
2007-BLG-368,BLG157.5,41068,17:56:25.96,-32:14:14.7,2454310.981,2007-07-29.48,47.866,0.086,11.601,2.661,0.366,18.325,19.417,269.10816666666665,-32.23741666666667
2007-BLG-369,BLG219.7,61584,18:10:14.32,-28:23:14.3,2454302.2,2007-07-20.70,62.497,0.073,13.699,2.842,0.153,18.665,20.706,272.55966666666666,-28.387305555555557
2007-BLG-370,BLG102.1,76833,17:56:55.99,-29:45:04.8,2454294.885,2007-07-13.38,10.091,0.045,22.245,3.368,0.486,19.419,20.203,269.2332916666666,-29.751333333333335
2007-BLG-371,BLG102.7,152045,17:55:34.16,-29:33:14.5,2454297.713,2007-07-16.21,22.348,0.766,1.576,0.494,1.0,19.183,19.183,268.89233333333334,-29.55402777777778
2007-BLG-372,BLG173.1,62264,17:58:57.97,-31:28:54.3,2454315.595,2007-08-03.10,23.084,0.655,1.762,0.615,1.0,18.027,18.027,269.7415416666666,-31.481749999999998
2007-BLG-373,BLG179.3,7507,17:50:18.07,-30:38:09.0,2454296.319,2007-07-14.82,-,-,-,-,1.0,19.159,19.159,267.5752916666666,-30.635833333333334
2007-BLG-374,BLG184.6,53864,18:02:22.62,-30:36:37.9,2454301.304,2007-07-19.80,12.805,0.406,2.613,1.043,1.0,19.839,19.839,270.59425,-30.61052777777778
2007-BLG-375,BLG189.5,143324,18:00:28.91,-29:46:42.8,2454312.571,2007-07-31.07,30.989,0.985,1.352,0.328,1.0,18.269,18.269,270.1204583333333,-29.778555555555556
2007-BLG-376,BLG194.3,25042,17:52:21.13,-29:23:08.3,2454309.416,2007-07-27.92,13.678,0.995,1.345,0.322,1.0,17.157,17.157,268.08804166666664,-29.385638888888888
2007-BLG-377,BLG224.8,190513,18:01:26.55,-27:51:19.4,2454293.338,2007-07-11.84,8.108,0.480,2.258,0.885,1.0,19.922,19.922,270.36062499999997,-27.85538888888889
2007-BLG-378,BLG226.4,167257,18:08:05.64,-27:24:25.8,2454290.362,2007-07-08.86,4.843,0.614,1.851,0.669,1.0,18.594,18.594,272.02349999999996,-27.407166666666665
2007-BLG-379,BLG227.6,104372,18:09:06.16,-27:35:20.0,2454301.984,2007-07-20.48,29.948,0.578,1.940,0.720,1.0,19.641,19.641,272.2756666666666,-27.58888888888889
2007-BLG-380,BLG232.2,50861,18:00:26.24,-27:11:48.7,2454295.189,2007-07-13.69,30.196,1.119,1.268,0.258,1.0,18.409,18.409,270.1093333333333,-27.19686111111111
2007-BLG-381,BLG232.5,24985,17:59:45.53,-26:55:28.7,2454281.818,2007-06-30.32,29.265,1.000,1.341,0.319,1.0,18.479,18.479,269.9397083333333,-26.92463888888889
2007-BLG-382,BLG194.4,86715,17:51:14.82,-29:08:15.5,2454301.1,2007-07-19.60,6.899,0.846,1.478,0.424,1.0,18.335,18.335,267.81175,-29.137638888888887
2007-BLG-383,BLG205.5,14324,17:56:20.09,-28:43:32.2,2454293.135,2007-07-11.63,4.738,0.003,322.6,6.272,0.141,19.391,21.52,269.08370833333333,-28.72561111111111
2007-BLG-384,BLG102.8,227063,17:56:05.01,-29:40:19.9,2454298.886,2007-07-17.39,4.248,1.830,1.078,0.082,1.0,15.92,15.92,269.020875,-29.672194444444447
2007-BLG-385,BLG105.6,128774,18:01:32.23,-29:23:19.4,2454317.995,2007-08-05.50,20.701,0.163,6.184,1.978,1.0,19.075,19.075,270.3842916666666,-29.38872222222222
2007-BLG-386,BLG121.1,97264,17:47:31.40,-35:00:31.2,2454318.869,2007-08-06.37,34.463,1.214,1.223,0.219,1.0,18.25,18.25,266.8808333333333,-35.00866666666667
2007-BLG-387,BLG121.8,15015,17:45:39.07,-35:05:36.1,2454326.157,2007-08-13.66,74.161,0.762,1.583,0.499,1.0,18.846,18.846,266.41279166666664,-35.093361111111115
2007-BLG-388,BLG172.1,43270,17:55:31.17,-31:29:52.6,2454295.897,2007-07-14.40,4.182,0.016,62.284,4.486,0.159,19.355,21.353,268.87987499999997,-31.497944444444446
2007-BLG-389,BLG183.1,152841,18:01:15.99,-30:49:21.4,2454312.086,2007-07-30.59,28.267,0.273,3.761,1.438,0.523,18.897,19.601,270.31662499999993,-30.82261111111111
2007-BLG-390,BLG188.1,183536,18:00:14.33,-30:14:35.1,2454310.915,2007-07-29.41,30.572,0.402,2.637,1.053,1.0,19.869,19.869,270.0597083333333,-30.243083333333335
2007-BLG-391,BLG207.1,22686,18:03:08.14,-29:10:18.5,2454296.006,2007-07-14.51,2.854,0.254,4.028,1.513,1.0,18.481,18.481,270.78391666666664,-29.171805555555558
2007-BLG-392,BLG208.1,135362,18:05:11.85,-29:04:05.6,2454386.485,2007-10-12.98,60.539,0.422,2.523,1.005,0.449,14.217,15.087,271.29937499999994,-29.06822222222222
2007-BLG-393,BLG216.4,18918,18:03:14.62,-28:06:12.5,2454327.517,2007-08-15.02,46.172,0.618,1.842,0.663,1.0,18.86,18.86,270.8109166666666,-28.103472222222223
2007-BLG-394,BLG105.4,48292,18:01:51.18,-29:14:31.5,2454304.027,2007-07-22.53,12.061,1.771,1.086,0.089,1.0,15.952,15.952,270.46324999999996,-29.242083333333333
2007-BLG-395,BLG156.6,145733,17:53:57.31,-32:19:01.0,2454297.068,2007-07-15.57,21.944,0.606,1.870,0.679,1.0,19.236,19.236,268.48879166666666,-32.316944444444445
2007-BLG-396,BLG214.1,3671,17:57:35.08,-28:33:41.8,2454299.613,2007-07-18.11,12.873,0.820,1.508,0.446,1.0,19.026,19.026,269.3961666666666,-28.561611111111112
2007-BLG-397,BLG235.1,44717,18:07:56.75,-27:22:07.3,2454352.055,2007-09-08.55,26.441,1.117,1.269,0.259,1.0,14.978,14.978,271.9864583333333,-27.368694444444444
2007-BLG-398,BLG215.3,166134,18:00:24.00,-28:09:50.1,2454309.864,2007-07-28.36,14.772,0.626,1.824,0.652,1.0,18.901,18.901,270.09999999999997,-28.163916666666665
2007-BLG-399,BLG121.7,13270,17:45:35.79,-34:54:37.5,2454303.632,2007-07-22.13,-,-,-,-,1.0,18.962,18.962,266.39912499999997,-34.91041666666666
2007-BLG-400,BLG179.2,60922,17:50:26.73,-30:45:33.7,2454310.65,2007-07-29.15,21.504,0.823,1.504,0.443,1.0,18.815,18.815,267.61137499999995,-30.75936111111111
2007-BLG-401,BLG225.1,45149,18:04:49.35,-27:56:30.5,2454298.549,2007-07-17.05,0.767,0.922,1.404,0.368,1.0,16.775,16.775,271.20562499999994,-27.941805555555558
2007-BLG-402,BLG180.6,146726,17:52:16.77,-30:30:21.1,2454296.434,2007-07-14.93,5.222,1.118,1.269,0.258,1.0,18.367,18.367,268.06987499999997,-30.505861111111113
2007-BLG-403,BLG196.7,14555,18:03:29.94,-29:35:23.6,2454312.702,2007-07-31.20,61.102,0.890,1.433,0.391,1.0,18.929,18.929,270.87474999999995,-29.589888888888886
2007-BLG-404,BLG234.4,55146,18:05:19.45,-26:53:41.0,2454299.124,2007-07-17.62,6.490,0.433,2.470,0.982,1.0,19.301,19.301,271.33104166666664,-26.89472222222222
2007-BLG-405,BLG101.5,71942,17:52:35.78,-29:36:36.7,2454301.973,2007-07-20.47,4.713,0.903,1.421,0.381,1.0,18.003,18.003,268.1490833333333,-29.610194444444446
2007-BLG-406,BLG102.1,209246,17:57:16.00,-29:41:11.1,2454299.67,2007-07-18.17,5.291,0.513,2.137,0.825,1.0,20.055,20.055,269.31666666666666,-29.686416666666666
2007-BLG-407,BLG182.2,133860,17:59:03.43,-30:41:55.4,2454320.48,2007-08-07.98,25.492,0.374,2.811,1.122,1.0,18.894,18.894,269.7642916666666,-30.698722222222223
2007-BLG-408,BLG194.3,87008,17:52:01.96,-29:19:17.2,2454303.854,2007-07-22.35,5.795,1.822,1.079,0.083,1.0,15.691,15.691,268.0081666666666,-29.321444444444445
2007-BLG-409,BLG104.4,14469,17:59:22.11,-29:18:24.3,2454301.995,2007-07-20.50,3.727,0.788,1.547,0.474,1.0,18.978,18.978,269.842125,-29.30675
2007-BLG-410,BLG121.7,22786,17:46:01.48,-34:54:35.1,2454312.807,2007-07-31.31,10.862,0.122,8.267,2.293,1.0,19.375,19.375,266.5061666666666,-34.909749999999995
2007-BLG-411,BLG180.3,141564,17:53:59.73,-30:32:46.9,2454308.88,2007-07-27.38,14.869,0.728,1.633,0.532,1.0,18.675,18.675,268.49887499999994,-30.546361111111114
2007-BLG-412,BLG180.7,100107,17:52:29.72,-30:44:48.5,2454301.4,2007-07-19.90,2.727,0.799,1.533,0.464,1.0,19.163,19.163,268.1238333333333,-30.746805555555557
2007-BLG-413,BLG188.6,93557,17:58:46.77,-30:00:40.9,2454300.627,2007-07-19.13,10.592,0.111,9.047,2.391,0.462,18.529,19.368,269.69487499999997,-30.01136111111111
2007-BLG-414,BLG195.1,103884,17:53:52.34,-29:27:10.6,2454328.852,2007-08-16.35,15.980,0.614,1.851,0.669,1.0,16.093,16.093,268.4680833333333,-29.452944444444444
2007-BLG-415,BLG214.6,101339,17:57:27.82,-28:13:09.0,2454330.848,2007-08-18.35,39.389,1.934,1.067,0.070,1.0,17.252,17.252,269.36591666666664,-28.219166666666666
2007-BLG-416,BLG101.8,81621,17:52:42.67,-30:05:40.6,2454306.18,2007-07-24.68,4.777,0.651,1.771,0.620,1.0,18.597,18.597,268.1777916666667,-30.09461111111111
2007-BLG-417,BLG205.6,70428,17:57:00.88,-28:49:13.3,2454308.013,2007-07-26.51,4.634,0.376,2.797,1.117,1.0,18.564,18.564,269.2536666666666,-28.82036111111111
2007-BLG-418,BLG215.7,88693,17:59:45.15,-28:22:28.7,2454313.628,2007-08-01.13,7.438,0.110,9.137,2.402,0.744,17.26,17.581,269.938125,-28.37463888888889
2007-BLG-419,BLG101.4,94931,17:54:17.27,-29:36:09.8,2454318.178,2007-08-05.68,67.905,0.054,18.574,3.172,1.0,18.043,18.043,268.57195833333327,-29.602722222222223
2007-BLG-420,BLG217.7,98,18:04:00.67,-28:25:42.1,2454303.819,2007-07-22.32,47.418,1.847,1.076,0.080,1.0,15.673,15.673,271.00279166666667,-28.428361111111112
2007-BLG-421,BLG101.3,53886,17:54:44.30,-29:48:11.4,2454312.978,2007-07-31.48,11.377,0.014,73.997,4.673,0.451,19.115,19.98,268.6845833333333,-29.803166666666666
2007-BLG-422,BLG101.8,236973,17:53:15.88,-30:00:25.3,2454310.897,2007-07-29.40,17.066,0.203,4.999,1.747,1.0,19.971,19.971,268.3161666666666,-30.00702777777778
2007-BLG-423,BLG215.1,104302,18:00:14.25,-28:29:46.4,2454320.272,2007-08-07.77,18.564,0.010,95.928,4.955,0.193,16.654,18.443,270.059375,-28.496222222222222
2007-BLG-424,BLG223.4,60076,17:59:44.68,-27:28:39.1,2454319.081,2007-08-06.58,28.758,0.937,1.391,0.358,1.0,19.117,19.117,269.9361666666666,-27.477527777777777
2007-BLG-425,BLG225.5,107954,18:04:02.75,-27:26:06.0,2454378.902,2007-10-05.40,52.422,0.243,4.199,1.558,0.713,17.629,17.997,271.01145833333334,-27.435
2007-BLG-426,BLG227.2,90385,18:09:55.59,-27:46:15.9,2454362.627,2007-09-19.13,50.390,0.388,2.721,1.087,1.0,18.787,18.787,272.48162499999995,-27.771083333333333
2007-BLG-427,BLG189.5,82620,18:01:22.65,-29:50:39.9,2454314.619,2007-08-02.12,8.095,0.092,10.880,2.592,1.0,19.012,19.012,270.34437499999996,-29.844416666666664
2007-BLG-428,BLG141.3,92024,17:53:37.22,-33:28:33.6,2454315.36,2007-08-02.86,18.735,1.037,1.316,0.298,1.0,19.426,19.426,268.40508333333327,-33.476
2007-BLG-429,BLG195.1,148294,17:54:53.39,-29:27:02.1,2454312.805,2007-07-31.30,18.512,0.040,24.863,3.489,1.0,20.031,20.031,268.7224583333333,-29.450583333333334
2007-BLG-430,BLG195.5,13150,17:52:53.08,-29:03:13.9,2454323.838,2007-08-11.34,28.810,0.162,6.246,1.989,0.047,16.306,19.634,268.22116666666665,-29.05386111111111
2007-BLG-431,BLG224.5,149513,18:00:44.18,-27:24:51.4,2454314.84,2007-08-02.34,2.090,0.595,1.896,0.694,1.0,17.936,17.936,270.1840833333333,-27.414277777777777
2007-BLG-432,BLG138.5,7093,17:44:13.22,-33:27:11.5,2454325.194,2007-08-12.69,6.050,0.761,1.584,0.499,1.0,16.758,16.758,266.0550833333333,-33.45319444444445
2007-BLG-433,BLG157.5,95477,17:56:46.66,-32:10:37.6,2454322.413,2007-08-09.91,7.416,0.669,1.735,0.598,1.0,18.716,18.716,269.19441666666665,-32.17711111111111
2007-BLG-434,BLG163.1,27857,17:54:00.82,-32:07:02.5,2454315.456,2007-08-02.96,5.599,0.281,3.658,1.408,1.0,19.262,19.262,268.5034166666666,-32.11736111111111
2007-BLG-435,BLG164.4,22544,17:56:09.98,-31:39:16.8,2454317.444,2007-08-04.94,11.854,0.551,2.016,0.761,1.0,19.359,19.359,269.04158333333334,-31.654666666666664
2007-BLG-436,BLG196.5,171967,18:03:13.24,-29:10:46.0,2454315.219,2007-08-02.72,9.457,0.746,1.605,0.514,1.0,18.665,18.665,270.80516666666665,-29.179444444444446
2007-BLG-437,BLG207.3,79683,18:03:14.32,-28:48:58.9,2454317.505,2007-08-05.00,20.981,0.125,8.030,2.262,0.111,17.976,20.362,270.80966666666666,-28.81636111111111
2007-BLG-438,BLG214.1,134172,17:58:21.70,-28:30:28.5,2454318.847,2007-08-06.35,34.391,0.142,7.100,2.128,0.204,18.989,20.716,269.5904166666666,-28.507916666666667
2007-BLG-439,BLG215.5,128877,17:59:33.87,-28:01:49.5,2454315.779,2007-08-03.28,3.685,0.152,6.633,2.054,0.602,18.616,19.167,269.891125,-28.030416666666667
2007-BLG-440,BLG100.6,107785,17:50:09.88,-29:52:58.9,2454365.847,2007-09-22.35,140.042,0.115,8.702,2.349,0.583,20.384,20.97,267.54116666666664,-29.883027777777777
2007-BLG-441,BLG155.6,50950,17:51:53.28,-32:22:30.7,2454320.279,2007-08-07.78,16.720,1.074,1.293,0.279,1.0,18.612,18.612,267.972,-32.375194444444446
2007-BLG-442,BLG156.4,68159,17:56:02.49,-32:13:57.5,2454324.98,2007-08-12.48,12.286,1.431,1.150,0.152,1.0,17.179,17.179,269.010375,-32.23263888888889
2007-BLG-443,BLG196.5,146193,18:04:01.59,-29:13:24.1,2454327.524,2007-08-15.02,8.432,0.287,3.587,1.387,0.732,16.799,17.138,271.006625,-29.22336111111111
2007-BLG-444,BLG207.1,24591,18:03:13.23,-29:10:45.8,2454317.354,2007-08-04.85,11.306,0.470,2.301,0.905,1.0,19.626,19.626,270.805125,-29.17938888888889
2007-BLG-445,BLG223.2,166851,18:00:10.74,-27:43:32.1,2454319.423,2007-08-06.92,10.195,0.155,6.525,2.036,0.271,19.196,20.616,270.04474999999996,-27.725583333333333
2007-BLG-446,BLG103.8,138269,17:55:59.58,-30:15:49.3,2454320.657,2007-08-08.16,7.020,0.030,33.622,3.817,0.34,18.995,20.165,268.99825,-30.263694444444443
2007-BLG-447,BLG121.2,67258,17:47:42.51,-34:52:45.0,2454364.279,2007-09-20.78,42.358,0.823,1.504,0.443,1.0,18.154,18.154,266.927125,-34.87916666666667
2007-BLG-448,BLG138.3,1321,17:45:19.18,-33:36:15.6,2454327.917,2007-08-15.42,23.735,0.252,4.055,1.520,0.506,19.103,19.843,266.32991666666663,-33.60433333333334
2007-BLG-449,BLG138.5,29193,17:45:05.66,-33:25:52.4,2454335.978,2007-08-23.48,33.148,0.324,3.207,1.265,1.0,19.853,19.853,266.2735833333333,-33.43122222222222
2007-BLG-450,BLG180.2,162190,17:53:20.53,-30:41:05.1,2454321.801,2007-08-09.30,2.937,1.585,1.116,0.119,1.0,16.676,16.676,268.33554166666664,-30.68475
2007-BLG-451,BLG195.4,176758,17:54:48.11,-28:58:00.8,2454329.935,2007-08-17.43,39.707,0.144,6.980,2.110,0.408,18.235,19.209,268.7004583333333,-28.96688888888889
2007-BLG-452,BLG141.8,29807,17:52:10.00,-33:51:18.1,2454377.919,2007-10-04.42,61.658,0.677,1.720,0.589,1.0,19.26,19.26,268.04166666666663,-33.85502777777778
2007-BLG-453,BLG155.5,85652,17:51:38.74,-32:12:13.6,2454334.922,2007-08-22.42,34.002,0.338,3.088,1.224,1.0,19.133,19.133,267.9114166666667,-32.20377777777778
2007-BLG-454,BLG164.8,82451,17:54:34.62,-32:02:18.0,2454329.468,2007-08-16.97,11.432,0.738,1.618,0.522,1.0,18.57,18.57,268.64424999999994,-32.038333333333334
2007-BLG-455,BLG182.1,24347,17:58:48.92,-30:55:50.6,2454337.51,2007-08-25.01,43.144,0.319,3.249,1.279,0.363,18.87,19.97,269.7038333333333,-30.930722222222222
2007-BLG-456,BLG206.2,111625,18:00:25.33,-28:55:41.8,2454346.42,2007-09-02.92,20.267,0.519,2.117,0.814,1.0,16.42,16.42,270.1055416666667,-28.92827777777778
2007-BLG-457,BLG224.1,143214,18:03:12.52,-27:53:17.8,2454340.777,2007-08-28.28,18.372,0.083,12.141,2.711,1.0,18.865,18.865,270.80216666666666,-27.888277777777777
2007-BLG-458,BLG234.5,12445,18:04:17.13,-26:55:51.4,2454330.904,2007-08-18.40,14.172,1.049,1.309,0.292,1.0,17.045,17.045,271.071375,-26.930944444444446
2007-BLG-459,BLG100.1,46723,17:51:01.16,-30:15:28.3,2454327.182,2007-08-14.68,12.960,0.791,1.544,0.472,1.0,19.063,19.063,267.75483333333335,-30.25786111111111
2007-BLG-460,BLG122.2,64737,17:49:50.60,-34:53:49.6,2454340.361,2007-08-27.86,23.968,0.327,3.178,1.255,0.453,18.181,19.04,267.46083333333326,-34.89711111111111
2007-BLG-461,BLG129.8,50700,17:43:03.08,-34:26:28.3,2454356.199,2007-09-12.70,46.915,0.322,3.224,1.271,1.0,19.693,19.693,265.7628333333333,-34.44119444444444
2007-BLG-462,BLG206.2,157905,18:00:24.09,-28:54:32.8,2454329.867,2007-08-17.37,7.093,1.260,1.204,0.202,1.0,17.232,17.232,270.10037499999993,-28.90911111111111
2007-BLG-463,BLG208.2,38413,18:06:11.18,-29:00:09.2,2454334.578,2007-08-22.08,24.293,0.383,2.750,1.099,0.451,18.669,19.534,271.54658333333333,-29.002555555555556
2007-BLG-464,BLG214.6,19512,17:56:48.66,-28:16:07.7,2454337.906,2007-08-25.41,20.041,1.609,1.111,0.114,1.0,15.323,15.323,269.20275,-28.268805555555556
2007-BLG-465,BLG216.4,194308,18:03:15.37,-28:01:08.4,2454336.422,2007-08-23.92,13.265,1.623,1.108,0.112,1.0,16.103,16.103,270.81404166666664,-28.019
2007-BLG-466,BLG233.6,105371,18:02:27.54,-26:58:13.1,2454329.345,2007-08-16.84,5.675,1.364,1.169,0.170,1.0,16.865,16.865,270.61475,-26.970305555555555
2007-BLG-467,BLG101.5,42785,17:53:17.16,-29:40:11.1,2454330.112,2007-08-17.61,30.215,0.569,1.963,0.732,1.0,18.495,18.495,268.32149999999996,-29.66975
2007-BLG-468,BLG164.5,46625,17:54:13.59,-31:38:22.6,2454326.451,2007-08-13.95,14.694,0.343,3.046,1.209,1.0,19.748,19.748,268.55662499999994,-31.639611111111112
2007-BLG-469,BLG190.1,8821,18:04:56.45,-30:19:47.8,2454338.87,2007-08-26.37,18.545,1.783,1.084,0.088,1.0,16.933,16.933,271.2352083333333,-30.329944444444443
2007-BLG-470,BLG218.5,154755,18:07:08.99,-28:01:02.6,2454326.484,2007-08-13.98,21.438,1.459,1.143,0.145,1.0,17.365,17.365,271.7874583333333,-28.01738888888889
2007-BLG-471,BLG190.4,149766,18:05:22.42,-29:47:04.4,2454341.156,2007-08-28.66,25.125,0.089,11.245,2.627,0.429,18.956,19.876,271.3434166666666,-29.784555555555556
2007-BLG-472,BLG214.7,85949,17:57:04.34,-28:22:02.1,2454332.358,2007-08-19.86,1.869,1.024,1.325,0.306,1.0,16.002,16.002,269.26808333333327,-28.367250000000002
2007-BLG-473,BLG102.8,212787,17:55:44.49,-29:40:27.4,2454350.473,2007-09-06.97,21.684,0.343,3.041,1.207,0.433,18.074,18.983,268.935375,-29.674277777777778
2007-BLG-474,BLG129.4,25611,17:44:51.66,-34:01:14.7,2454340.484,2007-08-27.98,21.881,0.779,1.559,0.482,1.0,18.957,18.957,266.21524999999997,-34.02075
2007-BLG-475,BLG140.1,61642,17:52:10.00,-33:51:18.2,2454374.639,2007-10-01.14,61.121,0.697,1.684,0.566,1.0,18.828,18.828,268.04166666666663,-33.85505555555556
2007-BLG-476,BLG140.6,107483,17:50:42.24,-33:30:57.7,2454335.466,2007-08-22.97,23.633,0.986,1.352,0.327,1.0,19.26,19.26,267.67599999999993,-33.51602777777778
2007-BLG-477,BLG179.3,91221,17:50:03.78,-30:33:20.8,2454375.837,2007-10-02.34,27.534,0.901,1.423,0.383,1.0,15.799,15.799,267.51574999999997,-30.555777777777777
2007-BLG-478,BLG180.2,144516,17:52:44.77,-30:40:42.2,2454322.39,2007-08-09.89,62.698,0.091,11.033,2.607,0.04,18.029,21.524,268.18654166666664,-30.67838888888889
2007-BLG-479,BLG215.4,123353,18:00:37.05,-28:03:20.7,2454366.805,2007-09-23.30,30.758,1.542,1.124,0.127,1.0,16.555,16.555,270.15437499999996,-28.05575
2007-BLG-480,BLG216.1,81786,18:03:36.52,-28:32:52.0,2454330.453,2007-08-17.95,6.242,0.313,3.311,1.300,1.0,17.742,17.742,270.9021666666667,-28.547777777777778
2007-BLG-481,BLG217.7,8469,18:04:12.03,-28:25:10.9,2454339.577,2007-08-27.08,28.029,0.500,2.182,0.847,1.0,19.156,19.156,271.050125,-28.419694444444445
2007-BLG-482,BLG224.5,140278,18:01:40.16,-27:27:44.6,2454332.09,2007-08-19.59,3.976,0.504,2.168,0.840,1.0,19.358,19.358,270.41733333333326,-27.46238888888889
2007-BLG-483,BLG242.8,68454,18:07:54.72,-26:46:34.4,2454339.077,2007-08-26.58,17.921,0.268,3.836,1.460,1.0,19.647,19.647,271.97799999999995,-26.77622222222222
2007-BLG-484,BLG130.5,16197,17:45:43.40,-34:01:06.5,2454483.711,2008-01-18.21,135.194,0.786,1.549,0.475,0.506,16.72,17.461,266.4308333333333,-34.01847222222222
2007-BLG-485,BLG180.8,180417,17:52:19.18,-30:50:05.2,2454333.833,2007-08-21.33,10.265,0.045,22.132,3.363,0.27,19.545,20.966,268.0799166666667,-30.834777777777777
2007-BLG-486,BLG206.7,77948,17:59:23.78,-28:58:57.7,2454337.125,2007-08-24.62,3.324,0.873,1.450,0.403,1.0,17.24,17.24,269.84908333333334,-28.982694444444444
2007-BLG-487,BLG227.2,39938,18:10:54.51,-27:49:31.4,2454332.821,2007-08-20.32,3.189,0.100,10.011,2.501,1.0,19.29,19.29,272.727125,-27.825388888888888
2007-BLG-488,BLG171.8,105051,17:52:42.85,-31:25:32.5,2454335.705,2007-08-23.20,5.296,0.144,6.984,2.110,1.0,19.566,19.566,268.17854166666666,-31.425694444444446
2007-BLG-489,BLG205.3,59911,17:57:55.90,-28:50:29.8,2454325.598,2007-08-13.10,16.907,0.159,6.331,2.004,0.396,18.103,19.109,269.4829166666666,-28.84161111111111
2007-BLG-490,BLG206.7,68076,17:59:10.85,-28:58:09.3,2454339.534,2007-08-27.03,33.095,0.211,4.814,1.706,0.171,17.987,19.907,269.79520833333333,-28.96925
2007-BLG-491,BLG157.5,42552,17:56:28.68,-32:13:15.3,2454352.588,2007-09-09.09,13.616,0.381,2.766,1.104,1.0,18.622,18.622,269.1195,-32.22091666666667
2007-BLG-492,BLG181.7,41025,17:55:05.25,-30:46:50.6,2454340.731,2007-08-28.23,3.231,0.546,2.030,0.769,1.0,18.566,18.566,268.77187499999997,-30.78072222222222
2007-BLG-493,BLG196.4,131017,18:05:04.82,-29:13:53.4,2454340.65,2007-08-28.15,9.281,0.291,3.544,1.374,1.0,19.565,19.565,271.2700833333333,-29.231499999999997
2007-BLG-494,BLG101.6,70387,17:52:37.04,-29:46:34.9,2454354.406,2007-09-10.91,19.664,0.033,30.398,3.707,1.0,18.359,18.359,268.15433333333334,-29.77636111111111
2007-BLG-495,BLG205.2,79906,17:58:29.26,-28:59:10.6,2454346.057,2007-09-02.56,14.147,1.446,1.146,0.148,1.0,17.709,17.709,269.6219166666666,-28.98627777777778
2007-BLG-496,BLG217.7,10296,18:04:12.01,-28:25:10.4,2454339.979,2007-08-27.48,37.384,0.319,3.257,1.282,1.0,19.686,19.686,271.05004166666663,-28.419555555555558
2007-BLG-497,BLG217.8,58464,18:04:28.43,-28:31:26.6,2454368.599,2007-09-25.10,18.031,0.113,8.915,2.375,1.0,16.052,16.052,271.1184583333333,-28.524055555555556
2007-BLG-498,BLG188.4,133718,17:59:44.06,-29:48:43.2,2454345.77,2007-09-02.27,20.117,0.220,4.623,1.662,0.031,13.384,17.168,269.9335833333333,-29.812
2007-BLG-499,BLG224.3,152429,18:02:08.30,-27:33:23.1,2454350.32,2007-09-06.82,8.264,1.420,1.153,0.155,1.0,14.675,14.675,270.53458333333333,-27.556416666666667
2007-BLG-500,BLG101.1,184395,17:54:57.47,-30:01:58.2,2454365.521,2007-09-22.02,11.582,0.102,9.797,2.478,0.913,16.522,16.621,268.7394583333333,-30.032833333333333
2007-BLG-501,BLG105.4,122665,18:02:50.00,-29:13:16.5,2454341.697,2007-08-29.20,2.584,0.914,1.410,0.373,1.0,18.185,18.185,270.7083333333333,-29.221249999999998
2007-BLG-502,BLG179.1,42999,17:50:14.50,-30:54:09.8,2454347.264,2007-09-03.76,7.461,0.670,1.734,0.597,1.0,18.935,18.935,267.56041666666664,-30.90272222222222
2007-BLG-503,BLG179.6,89909,17:49:39.73,-30:32:49.3,2454350.632,2007-09-07.13,57.913,0.108,9.284,2.419,0.114,19.023,21.379,267.4155416666666,-30.547027777777778
2007-BLG-504,BLG183.2,21806,18:01:14.68,-30:46:34.0,2454348.783,2007-09-05.28,19.175,0.568,1.967,0.734,1.0,19.169,19.169,270.3111666666666,-30.77611111111111
2007-BLG-505,BLG195.1,50629,17:53:41.31,-29:29:08.5,2454343.111,2007-08-30.61,6.977,0.578,1.940,0.720,1.0,19.245,19.245,268.422125,-29.485694444444444
2007-BLG-506,BLG217.5,66335,18:04:36.16,-28:05:03.1,2454344.851,2007-09-01.35,14.169,0.338,3.084,1.223,1.0,19.606,19.606,271.1506666666666,-28.084194444444442
2007-BLG-507,BLG138.6,31193,17:45:12.45,-33:35:54.7,2454343.41,2007-08-30.91,25.100,1.525,1.128,0.131,1.0,18.276,18.276,266.301875,-33.59852777777778
2007-BLG-508,BLG164.6,61849,17:55:03.52,-31:47:21.7,2454363.193,2007-09-19.69,23.731,0.230,4.425,1.615,1.0,19.689,19.689,268.76466666666664,-31.789361111111113
2007-BLG-509,BLG171.7,367,17:51:29.61,-31:22:09.9,2454398.095,2007-10-24.59,32.277,0.103,9.736,2.471,1.0,17.442,17.442,267.873375,-31.369416666666666
2007-BLG-510,BLG183.6,135463,18:00:21.25,-30:32:40.1,2454367.085,2007-09-23.59,35.902,0.368,2.855,1.139,1.0,19.309,19.309,270.08854166666663,-30.544472222222225
2007-BLG-511,BLG188.2,92785,18:00:05.39,-30:10:06.6,2454342.777,2007-08-30.28,11.949,0.589,1.911,0.703,1.0,19.771,19.771,270.0224583333333,-30.1685
2007-BLG-512,BLG194.7,62471,17:50:13.36,-29:27:34.1,2454351.529,2007-09-08.03,17.087,0.558,1.994,0.750,1.0,19.01,19.01,267.55566666666664,-29.45947222222222
2007-BLG-513,BLG198.1,97169,18:10:50.76,-29:40:40.6,2454352.623,2007-09-09.12,9.978,0.348,2.999,1.192,1.0,18.803,18.803,272.71149999999994,-29.677944444444446
2007-BLG-514,BLG223.5,1428,17:58:03.09,-27:31:05.7,2454386.284,2007-10-12.78,75.978,0.000,136989,12.842,0.56,19.046,19.675,269.51287499999995,-27.51825
2007-BLG-515,BLG223.7,70180,17:58:57.94,-27:48:34.3,2454345.1,2007-09-01.60,47.105,0.134,7.505,2.188,0.172,19.527,21.436,269.7414166666666,-27.809527777777777
2007-BLG-516,BLG101.6,146488,17:52:49.86,-29:44:51.0,2454373.8,2007-09-30.30,16.219,0.484,2.242,0.876,1.0,16.238,16.238,268.20775,-29.747500000000002
2007-BLG-517,BLG122.3,20025,17:49:55.82,-34:45:50.3,2454344.475,2007-08-31.98,45.235,0.029,34.765,3.853,0.031,17.518,21.304,267.4825833333333,-34.76397222222222
2007-BLG-518,BLG155.6,83454,17:51:52.14,-32:19:14.7,2454361.201,2007-09-17.70,26.695,1.040,1.315,0.297,1.0,18.262,18.262,267.96725000000004,-32.320750000000004
2007-BLG-519,BLG207.6,119553,18:01:25.57,-28:47:46.7,2454348.406,2007-09-04.91,23.134,0.145,6.952,2.105,0.277,19.114,20.507,270.3565416666666,-28.796305555555556
2007-BLG-520,BLG225.8,39431,18:04:29.30,-27:58:05.4,2454346.364,2007-09-02.86,2.483,0.309,3.355,1.314,1.0,18.782,18.782,271.1220833333333,-27.968166666666665
2007-BLG-521,BLG147.7,40408,17:48:21.27,-33:06:15.4,2454364.786,2007-09-21.29,28.896,0.557,1.997,0.751,1.0,18.854,18.854,267.088625,-33.10427777777778
2007-BLG-522,BLG147.5,56812,17:49:04.85,-32:49:03.2,2454349.556,2007-09-06.06,3.423,1.691,1.097,0.101,1.0,16.788,16.788,267.2702083333333,-32.81755555555556
2007-BLG-523,BLG179.3,137997,17:50:09.16,-30:32:17.2,2454350.455,2007-09-06.96,8.710,0.615,1.848,0.666,1.0,19.348,19.348,267.53816666666665,-30.538111111111114
2007-BLG-524,BLG206.1,45860,17:59:56.95,-29:06:56.6,2454352.616,2007-09-09.12,11.427,0.070,14.395,2.896,0.322,18.659,19.891,269.9872916666667,-29.115722222222225
2007-BLG-525,BLG164.6,91267,17:54:54.19,-31:45:01.0,2454382.334,2007-10-08.83,60.758,1.563,1.120,0.123,1.0,17.865,17.865,268.7257916666666,-31.75027777777778
2007-BLG-526,BLG180.4,27209,17:53:31.44,-30:27:48.7,2454356.484,2007-09-12.98,34.689,0.034,29.142,3.661,0.082,18.107,20.82,268.3809999999999,-30.463527777777777
2007-BLG-527,BLG206.5,16686,17:59:03.09,-28:41:57.0,2454352.256,2007-09-08.76,5.015,1.573,1.118,0.121,1.0,16.933,16.933,269.762875,-28.699166666666667
2007-BLG-528,BLG214.8,26854,17:57:00.23,-28:34:25.6,2454366.799,2007-09-23.30,16.116,1.756,1.088,0.091,1.0,16.312,16.312,269.2509583333333,-28.573777777777778
2007-BLG-529,BLG224.6,156251,18:00:48.28,-27:33:36.8,2454353.236,2007-09-09.74,7.574,0.751,1.599,0.509,1.0,18.293,18.293,270.2011666666666,-27.560222222222222
2007-BLG-530,BLG232.8,5069,17:58:51.04,-27:22:26.6,2454359.951,2007-09-16.45,12.535,1.274,1.199,0.197,1.0,17.462,17.462,269.7126666666666,-27.374055555555557
2007-BLG-531,BLG100.1,117431,17:51:45.41,-30:13:23.4,2454367.633,2007-09-24.13,10.517,0.632,1.809,0.644,1.0,16.454,16.454,267.93920833333334,-30.223166666666664
2007-BLG-532,BLG100.1,156243,17:51:29.13,-30:09:12.8,2454350.848,2007-09-07.35,6.930,0.266,3.864,1.468,1.0,19.316,19.316,267.87137499999994,-30.153555555555553
2007-BLG-533,BLG139.6,102182,17:47:51.92,-33:30:44.1,2454351.349,2007-09-07.85,8.337,0.070,14.341,2.891,0.249,18.877,20.388,266.96633333333335,-33.51225
2007-BLG-534,BLG156.7,169500,17:54:40.72,-32:27:06.2,2454409.138,2007-11-04.64,25.560,0.246,4.163,1.549,1.0,15.985,15.985,268.6696666666666,-32.45172222222222
2007-BLG-535,BLG164.6,97029,17:55:04.88,-31:43:42.6,2454356.718,2007-09-13.22,33.171,1.034,1.319,0.300,1.0,18.556,18.556,268.7703333333333,-31.728499999999997
2007-BLG-536,BLG195.4,42820,17:54:56.51,-29:03:13.7,2454383.925,2007-10-10.43,36.484,0.514,2.133,0.822,0.264,16.016,17.46,268.73545833333327,-29.053805555555556
2007-BLG-537,BLG215.3,135394,18:00:59.18,-28:12:21.5,2454353.795,2007-09-10.29,9.766,1.110,1.273,0.262,1.0,18.853,18.853,270.2465833333333,-28.205972222222222
2007-BLG-538,BLG249.7,48890,18:05:33.11,-26:00:58.4,2454349.1,2007-09-05.60,2.153,0.715,1.653,0.546,1.0,17.171,17.171,271.3879583333333,-26.016222222222222
2007-BLG-539,BLG102.5,19066,17:55:24.90,-29:20:01.9,2454355.439,2007-09-11.94,10.991,0.634,1.806,0.642,1.0,18.817,18.817,268.85375,-29.33386111111111
2007-BLG-540,BLG104.6,24612,17:58:26.45,-29:26:17.0,2454354.337,2007-09-10.84,5.749,0.828,1.499,0.439,1.0,18.906,18.906,269.6102083333333,-29.438055555555557
2007-BLG-541,BLG181.3,32551,17:56:18.60,-30:37:00.3,2454351.732,2007-09-08.23,3.085,1.873,1.073,0.077,1.0,15.629,15.629,269.0775,-30.61675
2007-BLG-542,BLG142.5,9770,17:55:18.46,-33:26:23.7,2454377.738,2007-10-04.24,37.891,0.802,1.529,0.461,1.0,17.731,17.731,268.82691666666665,-33.43991666666666
2007-BLG-543,BLG180.6,51635,17:51:19.47,-30:36:53.8,2454350.746,2007-09-07.25,39.484,0.678,1.717,0.587,1.0,19.638,19.638,267.831125,-30.614944444444447
2007-BLG-544,BLG205.6,28255,17:57:01.72,-28:52:02.5,2454373.409,2007-09-29.91,15.895,0.623,1.831,0.657,0.482,16.241,17.033,269.25716666666665,-28.867361111111112
2007-BLG-545,BLG214.6,22397,17:56:49.36,-28:16:13.0,2454372.478,2007-09-28.98,190.902,0.011,92.036,4.910,0.162,18.845,20.824,269.2056666666666,-28.27027777777778
2007-BLG-546,BLG155.2,108506,17:53:01.64,-32:30:24.4,2454357.036,2007-09-13.54,20.299,1.021,1.327,0.307,1.0,17.648,17.648,268.25683333333325,-32.50677777777778
2007-BLG-547,BLG214.8,176000,17:56:45.00,-28:26:57.1,2454386.089,2007-10-12.59,102.941,0.122,8.219,2.287,0.214,18.775,20.451,269.18749999999994,-28.449194444444444
2007-BLG-548,BLG216.5,82228,18:02:12.58,-28:03:51.8,2454382.827,2007-10-09.33,91.796,0.197,5.149,1.779,0.051,16.966,20.206,270.55241666666666,-28.06438888888889
2007-BLG-549,BLG205.3,12532,17:57:44.87,-28:51:25.9,2454361.266,2007-09-17.77,28.647,0.507,2.157,0.835,1.0,18.499,18.499,269.4369583333333,-28.857194444444445
2007-BLG-550,BLG223.7,81066,17:59:15.87,-27:48:25.2,2454359.515,2007-09-16.02,7.762,0.188,5.381,1.827,1.0,19.324,19.324,269.816125,-27.807000000000002
2007-BLG-551,BLG155.6,111555,17:51:37.73,-32:18:35.5,2454360.204,2007-09-16.70,9.159,0.407,2.609,1.041,1.0,18.881,18.881,267.90720833333336,-32.30986111111111
2007-BLG-552,BLG208.3,87102,18:06:21.36,-28:50:21.2,2454359.07,2007-09-15.57,11.372,0.706,1.668,0.556,1.0,17.67,17.67,271.589,-28.839222222222222
2007-BLG-553,BLG104.8,15487,17:58:02.90,-29:45:16.5,2454365.347,2007-09-21.85,21.662,0.105,9.556,2.451,0.374,19.052,20.12,269.5120833333333,-29.754583333333333
2007-BLG-554,BLG205.4,110230,17:58:14.50,-28:39:13.9,2454361.562,2007-09-18.06,6.200,0.740,1.615,0.520,1.0,18.354,18.354,269.56041666666664,-28.65386111111111
2007-BLG-555,BLG100.3,71228,17:51:52.94,-29:55:36.3,2454369.228,2007-09-25.73,9.026,0.511,2.144,0.828,1.0,17.166,17.166,267.9705833333333,-29.926750000000002
2007-BLG-556,BLG214.8,175916,17:56:44.53,-28:28:24.0,2454365.371,2007-09-21.87,11.702,0.663,1.747,0.606,1.0,18.313,18.313,269.18554166666667,-28.473333333333333
2007-BLG-557,BLG101.5,93351,17:53:00.69,-29:36:54.0,2454448.206,2007-12-13.71,79.058,1.788,1.083,0.087,1.0,16.264,16.264,268.25287499999996,-29.615000000000002
2007-BLG-558,BLG102.6,83594,17:55:29.16,-29:28:30.9,2454377.971,2007-10-04.47,32.219,1.823,1.079,0.083,1.0,15.924,15.924,268.87149999999997,-29.47525
2007-BLG-559,BLG104.2,54773,17:59:22.76,-29:34:38.1,2454378.181,2007-10-04.68,15.067,1.228,1.217,0.213,1.0,18.175,18.175,269.8448333333333,-29.57725
2007-BLG-560,BLG138.1,97154,17:46:13.02,-33:49:51.0,2454371.546,2007-09-28.05,21.181,0.644,1.785,0.629,1.0,19.126,19.126,266.55424999999997,-33.83083333333334
2007-BLG-561,BLG142.1,137970,17:56:58.58,-33:46:43.5,2454399.352,2007-10-25.85,56.302,0.522,2.106,0.809,1.0,19.238,19.238,269.2440833333333,-33.77875
2007-BLG-562,BLG148.4,21718,17:53:24.67,-32:51:18.4,2454406.449,2007-11-01.95,25.963,0.378,2.788,1.113,1.0,17.193,17.193,268.35279166666663,-32.855111111111114
2007-BLG-563,BLG171.3,111507,17:52:45.61,-31:07:53.4,2454370.584,2007-09-27.08,16.373,0.104,9.625,2.458,0.575,18.762,19.364,268.1900416666667,-31.1315
2007-BLG-564,BLG180.3,165292,17:53:14.29,-30:30:29.7,2454376.196,2007-10-02.70,2.907,0.737,1.619,0.523,1.0,17.635,17.635,268.30954166666663,-30.50825
2007-BLG-565,BLG184.5,164579,18:02:51.12,-30:22:39.1,2454363.836,2007-09-20.34,11.762,0.479,2.263,0.887,1.0,19.049,19.049,270.71299999999997,-30.37752777777778
2007-BLG-566,BLG188.5,35403,17:58:33.96,-29:53:09.1,2454369.927,2007-09-26.43,13.175,0.463,2.329,0.918,1.0,18.73,18.73,269.64149999999995,-29.88586111111111
2007-BLG-567,BLG195.2,89106,17:54:51.81,-29:20:52.2,2454377.777,2007-10-04.28,9.272,0.984,1.354,0.329,1.0,17.297,17.297,268.715875,-29.347833333333334
2007-BLG-568,BLG196.5,114474,18:03:06.85,-29:12:30.5,2454371.46,2007-09-27.96,20.525,0.475,2.279,0.894,1.0,18.981,18.981,270.7785416666667,-29.208472222222223
2007-BLG-569,BLG205.5,141111,17:56:28.22,-28:36:39.4,2454385.629,2007-10-12.13,9.024,0.531,2.078,0.794,1.0,17.02,17.02,269.1175833333333,-28.610944444444446
2007-BLG-570,BLG206.1,166362,18:00:51.39,-29:03:32.2,2454389.514,2007-10-16.01,28.116,1.549,1.123,0.126,1.0,16.073,16.073,270.21412499999997,-29.058944444444446
2007-BLG-571,BLG208.6,195888,18:04:59.11,-28:44:46.6,2454419.53,2007-11-15.03,39.006,0.488,2.229,0.870,1.0,17.726,17.726,271.24629166666665,-28.746277777777777
2007-BLG-572,BLG217.7,65551,18:04:28.50,-28:23:38.3,2454379.776,2007-10-06.28,59.763,0.572,1.955,0.728,1.0,19.376,19.376,271.11875,-28.39397222222222
2007-BLG-573,BLG223.6,99996,17:58:11.52,-27:36:15.3,2454384.252,2007-10-10.75,34.037,0.274,3.748,1.435,0.573,19.235,19.841,269.54799999999994,-27.60425
2007-BLG-574,BLG224.3,122549,18:02:38.62,-27:36:01.7,2454469.657,2008-01-04.16,181.274,0.343,3.046,1.209,0.09,16.347,18.962,270.66091666666665,-27.600472222222223
2007-BLG-575,BLG224.4,152286,18:02:09.23,-27:25:14.6,2454377.709,2007-10-04.21,1.041,0.000,221533,13.364,1.0,19.307,19.307,270.5384583333333,-27.420722222222224
2007-BLG-576,BLG226.5,101956,18:06:09.26,-27:27:33.5,2454480.034,2008-01-14.53,78.586,0.000,3260.1,8.783,1.0,16.436,16.436,271.53858333333335,-27.459305555555556
2007-BLG-577,BLG226.7,43920,18:05:45.78,-27:47:16.8,2454371.727,2007-09-28.23,14.725,1.068,1.297,0.282,1.0,18.164,18.164,271.4407499999999,-27.788
2007-BLG-578,BLG227.4,28575,18:10:33.44,-27:31:12.2,2454365.309,2007-09-21.81,10.437,0.969,1.365,0.338,1.0,17.923,17.923,272.6393333333333,-27.520055555555555
2007-BLG-579,BLG233.8,95624,18:01:47.72,-27:18:03.3,2454377.095,2007-10-03.59,35.326,0.127,7.916,2.246,0.104,16.564,19.02,270.4488333333333,-27.300916666666666
2007-BLG-580,BLG250.6,24085,18:08:10.66,-25:54:56.2,2454370.253,2007-09-26.75,9.731,0.069,14.538,2.906,1.0,19.438,19.438,272.0444166666666,-25.915611111111108
2007-BLG-581,BLG251.2,23807,18:12:01.76,-26:03:22.1,2454423.997,2007-11-19.50,65.332,0.219,4.654,1.669,1.0,18.46,18.46,273.0073333333333,-26.05613888888889
2007-BLG-582,BLG195.7,107993,17:53:15.82,-29:18:26.6,2454383.191,2007-10-09.69,11.885,0.360,2.911,1.160,1.0,19.224,19.224,268.3159166666666,-29.30738888888889
2007-BLG-583,BLG196.2,91166,18:05:32.67,-29:33:36.9,2454387.459,2007-10-13.96,38.585,0.045,22.397,3.375,0.38,19.568,20.619,271.38612499999994,-29.56025
2007-BLG-584,BLG205.5,61120,17:56:42.37,-28:40:04.3,2454388.087,2007-10-14.59,6.666,0.829,1.498,0.438,1.0,15.952,15.952,269.1765416666666,-28.66786111111111
2007-BLG-585,BLG103.5,114445,17:55:30.36,-29:52:31.0,2454384.977,2007-10-11.48,28.142,0.097,10.343,2.537,0.177,18.307,20.189,268.87649999999996,-29.87527777777778
2007-BLG-586,BLG189.4,17226,18:02:11.39,-29:52:50.9,2454446.831,2007-12-12.33,71.294,0.001,712.2,7.131,1.0,18.186,18.186,270.54745833333334,-29.880805555555558
2007-BLG-587,BLG190.6,113650,18:04:03.43,-29:59:08.3,2454393.914,2007-10-20.41,31.097,1.777,1.085,0.089,1.0,15.686,15.686,271.0142916666666,-29.98563888888889
2007-BLG-588,BLG196.1,39422,18:05:35.19,-29:44:18.9,2454397.851,2007-10-24.35,12.263,0.709,1.663,0.552,1.0,16.603,16.603,271.396625,-29.738583333333334
2007-BLG-589,BLG102.1,54128,17:56:28.57,-29:45:37.2,2454423.592,2007-11-19.09,22.804,0.000,13408,10.318,1.0,15.932,15.932,269.11904166666665,-29.76033333333333
2007-BLG-590,BLG149.7,24235,17:54:42.31,-33:09:45.5,2454386.201,2007-10-12.70,10.346,0.153,6.605,2.050,1.0,18.502,18.502,268.67629166666666,-33.162638888888885
2007-BLG-591,BLG179.7,3130,17:48:50.42,-30:46:47.9,2454387.784,2007-10-14.28,12.163,1.019,1.328,0.308,1.0,17.705,17.705,267.21008333333333,-30.77997222222222
2007-BLG-592,BLG181.4,20161,17:56:04.72,-30:28:48.8,2454383.085,2007-10-09.59,2.498,0.073,13.641,2.837,1.0,16.652,16.652,269.01966666666664,-30.48022222222222
2007-BLG-593,BLG232.6,95526,17:58:57.29,-26:58:12.3,2454389.513,2007-10-16.01,12.003,1.640,1.106,0.109,1.0,16.355,16.355,269.7387083333333,-26.97008333333333
2007-BLG-594,BLG241.6,133028,18:04:57.84,-26:22:21.0,2454378.843,2007-10-05.34,5.536,0.249,4.110,1.535,1.0,19.461,19.461,271.241,-26.3725
2007-BLG-595,BLG215.7,136118,17:59:31.85,-28:21:46.6,2454397.452,2007-10-23.95,15.358,1.178,1.239,0.233,1.0,17.694,17.694,269.8827083333333,-28.362944444444445
2007-BLG-596,BLG223.8,36061,17:58:04.10,-27:56:28.0,2454531.675,2008-03-06.17,78.412,0.000,26301,11.050,1.0,16.696,16.696,269.5170833333333,-27.941111111111113
2007-BLG-597,BLG180.5,99096,17:51:43.20,-30:25:27.4,2454430.424,2007-11-25.92,41.910,0.928,1.398,0.364,1.0,17.478,17.478,267.93,-30.424277777777778
2007-BLG-598,BLG205.2,31224,17:58:20.82,-29:00:22.7,2454384.576,2007-10-11.08,2.661,0.879,1.444,0.399,1.0,18.08,18.08,269.58674999999994,-29.006305555555556
2007-BLG-599,BLG207.5,82848,18:02:00.23,-28:40:34.9,2454385.422,2007-10-11.92,2.771,0.427,2.497,0.993,1.0,17.396,17.396,270.5009583333333,-28.676361111111113
2007-BLG-600,BLG129.8,41995,17:42:48.04,-34:27:24.9,2454390.843,2007-10-17.34,14.845,0.658,1.755,0.611,1.0,18.924,18.924,265.70016666666663,-34.45691666666667
2007-BLG-601,BLG214.6,24516,17:56:49.38,-28:16:12.4,2454372.172,2007-09-28.67,200.103,0.017,60.409,4.453,0.207,19.21,20.921,269.20574999999997,-28.27011111111111
2007-BLG-602,BLG100.1,151200,17:51:17.93,-30:09:12.2,2454406.066,2007-11-01.57,34.765,0.682,1.711,0.583,1.0,19.014,19.014,267.8247083333333,-30.153388888888887
2007-BLG-603,BLG147.4,160616,17:51:03.97,-32:44:10.8,2454395.014,2007-10-21.51,61.721,0.174,5.800,1.909,1.0,19.604,19.604,267.7665416666667,-32.736333333333334
2007-BLG-604,BLG181.3,74258,17:55:54.51,-30:35:20.5,2454395.905,2007-10-22.41,16.399,0.529,2.083,0.797,1.0,19.298,19.298,268.977125,-30.589027777777776
2007-BLG-605,BLG195.2,54092,17:53:58.09,-29:19:48.4,2454433.699,2007-11-29.20,70.384,0.912,1.412,0.375,1.0,18.04,18.04,268.49204166666664,-29.330111111111112
2007-BLG-606,BLG196.7,70884,18:03:38.88,-29:32:45.1,2454419.345,2007-11-14.85,46.480,0.240,4.249,1.571,1.0,19.118,19.118,270.912,-29.545861111111112
2007-BLG-607,BLG207.4,21213,18:03:08.98,-28:41:32.8,2454400.721,2007-10-27.22,8.005,0.753,1.596,0.507,1.0,15.233,15.233,270.7874166666666,-28.692444444444444
2007-BLG-608,BLG156.6,74709,17:54:33.89,-32:23:38.1,2454406.062,2007-11-01.56,55.209,0.619,1.839,0.662,1.0,19.66,19.66,268.6412083333333,-32.39391666666667
2007-BLG-609,BLG172.1,52366,17:55:54.73,-31:28:45.0,2454403.185,2007-10-29.68,14.244,0.618,1.841,0.663,1.0,18.754,18.754,268.9780416666666,-31.479166666666664
2007-BLG-610,BLG172.5,38881,17:55:13.09,-31:04:06.4,2454399.297,2007-10-25.80,20.326,0.575,1.948,0.724,1.0,19.317,19.317,268.80454166666664,-31.068444444444445
